-- MySQL dump 10.11
--
-- Host: localhost    Database: fifa10_development
-- ------------------------------------------------------
-- Server version	5.0.45-log

/*!40101 SET @OLD_CHARACTER_SET_CLIENT=@@CHARACTER_SET_CLIENT */;
/*!40101 SET @OLD_CHARACTER_SET_RESULTS=@@CHARACTER_SET_RESULTS */;
/*!40101 SET @OLD_COLLATION_CONNECTION=@@COLLATION_CONNECTION */;
/*!40101 SET NAMES utf8 */;
/*!40103 SET @OLD_TIME_ZONE=@@TIME_ZONE */;
/*!40103 SET TIME_ZONE='+00:00' */;
/*!40014 SET @OLD_UNIQUE_CHECKS=@@UNIQUE_CHECKS, UNIQUE_CHECKS=0 */;
/*!40014 SET @OLD_FOREIGN_KEY_CHECKS=@@FOREIGN_KEY_CHECKS, FOREIGN_KEY_CHECKS=0 */;
/*!40101 SET @OLD_SQL_MODE=@@SQL_MODE, SQL_MODE='NO_AUTO_VALUE_ON_ZERO' */;
/*!40111 SET @OLD_SQL_NOTES=@@SQL_NOTES, SQL_NOTES=0 */;

--
-- Table structure for table `chronicles`
--

DROP TABLE IF EXISTS `chronicles`;
CREATE TABLE `chronicles` (
  `id` int(11) NOT NULL auto_increment,
  `name` varchar(255) collate utf8_unicode_ci NOT NULL default '',
  `closed` tinyint(1) default '0',
  PRIMARY KEY  (`id`)
) ENGINE=InnoDB AUTO_INCREMENT=6 DEFAULT CHARSET=utf8 COLLATE=utf8_unicode_ci;

--
-- Dumping data for table `chronicles`
--

LOCK TABLES `chronicles` WRITE;
/*!40000 ALTER TABLE `chronicles` DISABLE KEYS */;
INSERT INTO `chronicles` VALUES (1,'FIFA 10 Manager Mode',1),(2,'Manchester United (in Real)',0),(3,'FIFA 10 Live Season Premier League',1),(4,'FIFA 10 Manager Mode, starting with Spurs',0),(5,'Tottenham Hotspur (in Real)',0);
/*!40000 ALTER TABLE `chronicles` ENABLE KEYS */;
UNLOCK TABLES;

--
-- Table structure for table `matches`
--

DROP TABLE IF EXISTS `matches`;
CREATE TABLE `matches` (
  `id` int(11) NOT NULL auto_increment,
  `date_match` date default NULL,
  `series_id` int(11) default NULL,
  `subname` varchar(255) collate utf8_unicode_ci NOT NULL default '',
  `opponent_id` int(11) NOT NULL,
  `ground` varchar(255) collate utf8_unicode_ci default NULL,
  `scores_own` int(11) default NULL,
  `scores_opp` int(11) default NULL,
  `pks_own` int(11) default NULL,
  `pks_opp` int(11) default NULL,
  `scorers_own` varchar(255) collate utf8_unicode_ci NOT NULL default '',
  `scorers_opp` varchar(255) collate utf8_unicode_ci NOT NULL default '',
  `season_id` int(11) NOT NULL,
  PRIMARY KEY  (`id`)
) ENGINE=InnoDB AUTO_INCREMENT=311 DEFAULT CHARSET=utf8 COLLATE=utf8_unicode_ci;

--
-- Dumping data for table `matches`
--

LOCK TABLES `matches` WRITE;
/*!40000 ALTER TABLE `matches` DISABLE KEYS */;
INSERT INTO `matches` VALUES (1,'2011-01-08',4,'',17,'H',3,0,NULL,NULL,'Welbeck 7 88(2), Fletcher 86(1)','',2),(2,'2011-01-15',4,'',8,'A',3,0,NULL,NULL,'Rooney 13 59(24), Scholes 40','',2),(3,'2011-01-22',4,'',29,'H',1,0,NULL,NULL,'Scholes 57(3)','',2),(4,'2010-08-08',7,'',4,'N',2,0,NULL,NULL,'','',2),(5,'2010-08-14',4,'',16,'A',3,1,NULL,NULL,'','',2),(6,'2010-08-21',4,'',10,'H',1,0,NULL,NULL,'','',2),(7,'2010-08-28',4,'',17,'A',2,1,NULL,NULL,'','',2),(8,'2010-09-04',4,'',8,'H',0,2,NULL,NULL,'','',2),(9,'2010-09-11',4,'',29,'A',3,0,NULL,NULL,'','',2),(10,'2010-09-14',6,'R2',30,'A',4,0,NULL,NULL,'','',2),(11,'2010-09-18',4,'',21,'H',0,2,NULL,NULL,'','',2),(12,'2010-09-21',1,'GL #1/6',31,'A',3,0,NULL,NULL,'','',2),(13,'2010-09-28',1,'GL #2/6',33,'H',2,0,NULL,NULL,'','',2),(14,'2010-09-25',4,'',14,'A',3,0,NULL,NULL,'','',2),(15,'2010-10-02',4,'',5,'H',0,1,NULL,NULL,'','',2),(16,'2010-10-09',4,'',6,'A',2,1,NULL,NULL,'','',2),(17,'2010-10-12',6,'R3',14,'A',1,0,NULL,NULL,'','',2),(18,'2010-10-16',4,'',12,'A',0,0,NULL,NULL,'','',2),(19,'2010-10-23',4,'',11,'H',5,0,NULL,NULL,'','',2),(20,'2010-10-27',1,'GL #3/6',34,'H',1,0,NULL,NULL,'','',2),(21,'2010-10-30',4,'',7,'A',6,0,NULL,NULL,'','',2),(22,'2010-11-02',6,'R4',4,'A',1,0,NULL,NULL,'','',2),(23,'2010-11-06',4,'',3,'H',1,2,NULL,NULL,'','',2),(24,'2010-11-09',1,'GL #4/6',34,'A',1,1,NULL,NULL,'','',2),(25,'2010-11-13',4,'',2,'A',1,1,NULL,NULL,'','',2),(26,'2010-11-20',4,'',15,'A',4,0,NULL,NULL,'','',2),(27,'2010-11-27',4,'',35,'A',4,0,NULL,NULL,'','',2),(28,'2010-12-01',1,'GL #5/6',33,'A',2,3,NULL,NULL,'','',2),(29,'2010-12-04',4,'',9,'H',3,1,NULL,NULL,'','',2),(30,'2010-12-08',1,'GL #6/6',31,'H',2,2,NULL,NULL,'','',2),(31,'2010-12-11',4,'',4,'A',4,1,NULL,NULL,'','',2),(32,'2010-12-18',4,'',18,'H',3,1,NULL,NULL,'','',2),(33,'2010-12-21',6,'QF',3,'A',1,0,NULL,NULL,'Rooney 120','',2),(34,'2010-12-25',4,'',16,'H',1,1,NULL,NULL,'','',2),(35,'2011-01-01',4,'',10,'A',2,0,NULL,NULL,'','',2),(36,'2011-01-08',5,'R3',36,'A',4,0,NULL,NULL,'','',2),(38,'2011-01-11',6,'SF Leg1',5,'H',0,1,NULL,NULL,'','',2),(40,'2011-01-18',6,'SF Leg2',5,'A',4,0,NULL,NULL,'','',2),(41,'2011-01-29',5,'R4',14,'H',4,0,NULL,NULL,'Welbeck 7, Owen 24, Macheda 86 89','',2),(42,'2011-01-29',4,'',21,'A',4,1,NULL,NULL,'Berbatov 13 34 45(18), Valencia 86(2)','Ranger 6',2),(43,'2011-02-05',4,'',14,'H',1,0,NULL,NULL,'Carrick 64(3)','',2),(101,'2009-08-09',7,' ',3,'N',2,2,1,4,'Nani 10, Rooney 92','Carvalho 52, Lampard 71',3),(102,'2009-08-16',4,' ',19,'H',1,0,NULL,NULL,'Rooney 34(1)','',3),(103,'2009-08-19',4,' ',20,'A',0,1,NULL,NULL,'','Blake 19',3),(104,'2009-08-22',4,' ',11,'A',5,0,NULL,NULL,'Rooney 56 65(3), Berbatov 58(1), Owen 85(1), Nani 92(1)','',3),(105,'2009-08-29',4,' ',4,'H',2,1,NULL,NULL,'Rooney 59(PK, 4), OG(Diaby) 64','Arshavin 40',3),(106,'2009-09-12',4,' ',7,'A',3,1,NULL,NULL,'Giggs 25(1), Anderson 41(1), Rooney 78(5)','Defoe 1',3),(107,'2009-09-15',1,'GL#1',42,'A',1,0,NULL,NULL,'Scholes 77','',3),(108,'2009-09-20',4,' ',8,'H',4,3,NULL,NULL,'Rooney 5(6), Fletcher 48 80(2), Owen 95(2)','Barry 16, Bellamy 52 90',3),(109,'2009-09-23',6,' ',18,'H',1,0,NULL,NULL,'Welbeck 66','',3),(110,'2009-09-26',4,' ',12,'A',2,0,NULL,NULL,'Berbatov 62(2), O\'Shea 76(1)','',3),(111,'2009-09-30',1,'GL#2',43,'H',2,1,NULL,NULL,'Giggs 59, Carrick 78','Dzeko 55',3),(112,'2009-10-03',4,' ',16,'H',2,2,NULL,NULL,'Berbatov 51(3), OG(Ferdinand) 92','Bent 7, Jones 58',3),(113,'2009-10-17',4,' ',13,'H',2,1,NULL,NULL,'OG(Knight) 5, Valencia 33(1)','Taylor 75',3),(114,'2009-10-21',1,'GL#3',44,'A',1,0,NULL,NULL,'Valencia 86','',3),(115,'2009-10-25',4,' ',2,'A',0,2,NULL,NULL,'','Torres 65, Ngog 96',3),(116,'2009-10-31',4,' ',15,'H',2,0,NULL,NULL,'Berbatov 55(4), Rooney 87(7)','',3),(117,'2009-11-03',1,'GL#4',44,'H',3,3,NULL,NULL,'Owen 29, Scholes 84, OG(Schennikov) 92','Dzagoev 25, Krasic 31, Berezutski 47',3),(118,'2009-11-08',4,' ',3,'A',0,1,NULL,NULL,'','Terry 76',3),(119,'2009-11-21',4,' ',5,'H',3,0,NULL,NULL,'Fletcher 35(3), Carrick 67(1), Valencia 76(2)','',3),(120,'2009-11-25',1,'GL#5',42,'H',0,1,NULL,NULL,'','Tello 18',3),(121,'2009-11-28',4,' ',14,'A',4,1,NULL,NULL,'Rooney 25(PK) 48 54(PK, 10), Giggs 87(2)','Boateng 32(PK)',3),(122,'2009-12-01',6,'QF',7,'H',2,0,NULL,NULL,'Gibson 16 38','',3),(123,'2009-12-05',4,' ',10,'A',4,0,NULL,NULL,'Scholes 45(1), Gibson 61(1), Valencia 70(3), Rooney 72(11)','',3),(124,'2009-12-08',1,'GL#6',43,'A',3,1,NULL,NULL,'Owen 44 83 90','Dzeko 55',3),(125,'2009-12-12',4,' ',6,'H',0,1,NULL,NULL,'','Agbonlahor 21',3),(126,'2009-12-15',4,' ',18,'H',3,0,NULL,NULL,'Rooney 30(PK,12), Vidic 44(1), Valencia 66(4)','',3),(127,'2009-12-19',4,' ',9,'A',0,3,NULL,NULL,'','Murphy 22, Zamora 46, Duff 75',3),(128,'2009-12-26',4,' ',17,'A',3,1,NULL,NULL,'Rooney 47(13), OG(Dawson) 73, Berbatov 82(5)','Fagan 59(PK)',3),(129,'2009-12-30',4,' ',11,'H',5,0,NULL,NULL,'Rooney 28(14), Carrick 32(2), Rafael 45(1), Berbatov 50(6), Valencia 75(5)','',3),(130,'2010-01-03',5,'R3',23,'H',0,1,NULL,NULL,'','Beckford 19',3),(131,'2010-01-09',4,' ',19,'A',1,1,NULL,NULL,'OG(Dann) 63','Jerome 39',3),(132,'2010-01-16',4,' ',20,'H',3,0,NULL,NULL,'Berbatov 64(7), Rooney 69(15), Diouf 90(1)','',3),(133,'2010-01-19',6,'SF #1',8,'A',1,2,NULL,NULL,'Giggs 17','Tevez 42 65',3),(134,'2010-01-23',4,' ',17,'H',4,0,NULL,NULL,'Rooney 8 82 86 93(19)',' ',3),(135,'2010-01-27',6,'SF #2',8,'H',3,1,NULL,NULL,'Scholes 52, Carrick 71, Rooney 92','Tevez 76',3),(136,'2010-01-30',4,' ',4,'A',3,1,NULL,NULL,'OG(Almunia) 33, Rooney 37(20), Park 52(1)','Vermaelen 80',3),(137,'2010-02-06',4,' ',14,'H',5,0,NULL,NULL,'Rooney 39(21), OG(Vanden Borre) 45, Carrick 59(3), Berbatov 62(8), OG(Wilson) 69',' ',3),(138,'2010-02-10',4,' ',6,'A',1,1,NULL,NULL,'OG(Collins) 23','Cuellar 19',3),(139,'2010-02-16',1,'R1 #1',41,'A',3,2,NULL,NULL,'Scholes 36, Rooney 66 74','Ronaldinho 3, Seedorf 85',3),(140,'2010-02-20',4,' ',5,'A',1,3,NULL,NULL,'Berbatov 16(9)','Bilyaletdinov 19, Gosling 76, Rodwell 90',3),(141,'2010-02-23',4,' ',10,'H',3,0,NULL,NULL,'Rooney 38 55(23), Owen 80(3)',' ',3),(142,'2010-03-06',4,' ',18,'A',1,0,NULL,NULL,'Scholes 72(2)',' ',3),(143,'2010-03-10',1,'R1 #2',41,'H',4,0,NULL,NULL,'Rooney 13 46, Park 59, Fletcher 88',' ',3),(144,'2010-03-14',4,' ',9,'H',3,0,NULL,NULL,'Rooney 46 84(25), Berbatov 89(10)',' ',3),(145,'2010-03-21',4,' ',2,'H',2,1,NULL,NULL,'Rooney 11(26), Park 59(2)','Torres 5',3),(146,'2010-03-27',4,' ',13,'A',4,0,NULL,NULL,'OG(Samuel) 38, Berbatov 69 78(12), Gibson 82(2)',' ',3),(147,'2010-03-30',1,'QF #1',55,'A',1,2,NULL,NULL,'Rooney 2','Rivery 77, Olic 92',3),(148,'2010-04-03',4,' ',3,'H',NULL,NULL,NULL,NULL,' ',' ',3),(149,'2010-04-07',1,'QF #2',55,'H',NULL,NULL,NULL,NULL,' ',' ',3),(150,'2010-04-10',4,' ',15,'A',NULL,NULL,NULL,NULL,' ',' ',3),(151,'2010-04-17',4,' ',8,'A',NULL,NULL,NULL,NULL,' ',' ',3),(152,'2010-04-20',1,'SF #1',45,'',NULL,NULL,NULL,NULL,' ',' ',3),(153,'2010-04-24',4,' ',7,'H',NULL,NULL,NULL,NULL,' ',' ',3),(154,'2010-04-27',1,'SF #2',45,'',NULL,NULL,NULL,NULL,' ',' ',3),(155,'2010-05-01',4,' ',16,'A',NULL,NULL,NULL,NULL,' ',' ',3),(156,'2010-05-09',4,' ',12,'H',NULL,NULL,NULL,NULL,' ',' ',3),(157,'2010-05-22',1,'Final',45,'N',NULL,NULL,NULL,NULL,' ',' ',3),(158,'2011-02-12',4,'',5,'A',1,0,NULL,NULL,'Carrick 15(4)','',2),(159,'2011-02-19',4,'',6,'H',5,0,NULL,NULL,'Rooney 3 45(26), Valencia 14(3), Berbatov 18 72(20)','',2),(160,'2011-02-26',5,'R5',37,'H',2,0,NULL,NULL,'Macheda 17 60','',2),(161,'2010-02-28',6,'Final',6,'N',2,1,NULL,NULL,'Owen 12, Rooney 74','Milner 5(PK)',3),(162,'2011-02-26',4,'',12,'H',3,0,NULL,NULL,'Berbatov 11(21), Welbeck 23 90(4)','',2),(163,'2011-03-01',1,'R1 Leg1',32,'H',0,2,NULL,NULL,'','Elano 13, Baros 71',2),(164,'2011-03-06',6,'Final',15,'N',2,0,NULL,NULL,'Rooney 33, Berbatov 49','',2),(165,'2011-03-10',4,'',11,'A',4,0,NULL,NULL,'Berbatov 47 64(23), Owen 71 77(5)','',2),(166,'2011-03-15',1,'R1 Leg2',32,'A',3,1,NULL,NULL,'Berbatov 39 80, Ferdinand 89','Baros 23',2),(167,'2011-03-19',5,'QF',9,'H',1,0,NULL,NULL,'Berbatov 99','',2),(168,'2011-03-19',4,'',7,'H',1,0,NULL,NULL,'Carrick 22(5)','',2),(169,'2011-03-26',4,'',3,'A',2,0,NULL,NULL,'Berbatov 19(24), Rooney 64(27)','',2),(170,'2011-04-02',4,'',2,'H',3,0,NULL,NULL,'Berbatov 20(25), Rooney 75 79(29)','',2),(171,'2011-03-29',1,'QF Leg1',10,'A',5,0,NULL,NULL,'Owen 8 36, Welbeck 13, Nani 61, Fletcher 90','',2),(172,'2011-04-05',1,'QF Leg2',10,'H',4,0,NULL,NULL,'Hargreaves 7, Mabe 45, Macheda 79 90','',2),(173,'2011-04-09',4,'',15,'A',0,0,NULL,NULL,'','',2),(174,'2011-04-10',5,'SF',10,'H',3,1,NULL,NULL,'Berbatov 7 82, Welbeck 68','Nouble 2',2),(175,'2011-04-16',4,'',35,'H',1,0,NULL,NULL,'Berbatov 24(26)','',2),(176,'2011-04-23',4,'',9,'A',4,2,NULL,NULL,'Berbatov 10(27), Owen 11 26 77(8)','Dempsey 29, Nevland 85',2),(177,'2011-04-30',4,'',4,'H',3,0,NULL,NULL,'Macheda 33(1), Carrick 75(6), Berbatov 90(28)','',2),(178,'2011-05-07',4,'',18,'A',2,0,NULL,NULL,'Macheda 39 78(3)','',2),(179,'2011-04-26',1,'SF Leg1',46,'H',1,0,NULL,NULL,'Welbeck 90','',2),(180,'2011-05-10',1,'SF Leg2',46,'A',3,0,NULL,NULL,'Rooney 18 36, Valencia 60','',2),(181,'2011-05-21',5,'Final',4,'N',1,1,2,4,'Welbeck 36','Van Persie 6',2),(182,'2011-05-25',1,'Final',47,'N',0,1,NULL,NULL,'','Ibrahimovic 31',2),(184,'2009-08-16',4,'',19,'H',3,0,NULL,NULL,'Rooney 18 22 37(3)','',5),(185,'2009-08-19',4,'',20,'A',1,0,NULL,NULL,'Rooney 50(4)','',5),(186,'2009-08-22',4,'',11,'A',3,0,NULL,NULL,'Berbatov 43 66(2), Welbeck 76(1)','',5),(187,'2009-08-29',4,'',4,'H',3,0,NULL,NULL,'Nani 26 33(2), Rooney 87(5)','',5),(188,'2009-09-12',4,'',7,'A',3,0,NULL,NULL,'Berbatov 33(3), Rooney 49 90(7)','',5),(189,'2009-09-20',4,'',8,'H',5,0,NULL,NULL,'Berbatov 10 42(5), Rooney 12 50(9), Fletcher 40(1)','',5),(190,'2009-09-26',4,'',12,'A',0,0,NULL,NULL,'','',5),(191,'2009-10-03',4,'',16,'H',0,0,NULL,NULL,'','',5),(192,'2009-10-17',4,'',13,'H',3,1,NULL,NULL,'Owen 37(1), Berbatov 62 73(7)','',5),(193,'2009-10-25',4,'',2,'A',NULL,NULL,NULL,NULL,'','',5),(194,'2009-10-31',4,'',15,'H',NULL,NULL,NULL,NULL,'','',5),(195,'2009-07-06',9,'',10,'H',0,0,NULL,NULL,'','',7),(196,'2009-07-13',9,'',14,'A',2,1,NULL,NULL,'Palacios 33, Crouch 77','Dindane 41',7),(197,'2009-07-20',9,'',50,'H',2,0,NULL,NULL,'Keane 14 17','',7),(198,'2009-07-27',9,'',49,'A',2,0,NULL,NULL,'Modric 25, Crouch 29','',7),(199,'2009-08-15',4,'',15,'A',6,2,NULL,NULL,'Crouch 25 45(2), Keane 44 68(PK) 73(3), Lennon 87(1)','Diouf 59 89',7),(200,'2009-08-22',4,'',19,'H',1,0,NULL,NULL,'Keane 55(4)','',7),(201,'2009-08-29',4,'',3,'A',1,0,NULL,NULL,'Keane 89(5)','',7),(202,'2009-09-05',4,'',9,'H',0,1,NULL,NULL,'','Duff 59',7),(203,'2009-09-12',4,'',17,'A',3,0,NULL,NULL,'Keane 24 40(7), Modric 31(1)','',7),(204,'2009-09-15',6,'R2',15,'A',2,0,NULL,NULL,'Pavlyuchenko 41, Defoe 75','',7),(205,'2009-09-19',4,'',16,'H',2,0,NULL,NULL,'Crouch 13 88(4)','',7),(206,'2009-09-26',4,'',2,'A',3,0,NULL,NULL,'Keane 52(8), Crouch 80(5) Huddlestone 90(1)','',7),(207,'2009-08-16',4,'',2,'H',2,1,NULL,NULL,'Assou-Ekotto 44(1), Bassong 59(1)','Gerrard 56(PK)',8),(208,'2009-08-19',4,'',17,'A',5,1,NULL,NULL,'Defoe 10 45 94(3), Palacios 14(1), Keane 78(1)','Hunt 25',8),(209,'2009-08-23',4,'',10,'A',2,1,NULL,NULL,'Defoe 54(4), Lennon 79(1)','Cole 49',8),(210,'2009-08-26',6,'R2',51,'A',5,1,NULL,NULL,'Huddlestone 9, O\'Hara 11, Crouch 37, Bentley 52, Pavlyuchenko 69','Woods 61(PK)',8),(211,'2009-08-29',4,'',19,'H',2,1,NULL,NULL,'Crouch 72(1), Lennon 95(2)','Bowyer 75',8),(212,'2009-09-12',4,'',1,'H',1,3,NULL,NULL,'Defoe 1(5)','Giggs 25, Anderson 41, Rooney 78',8),(213,'2009-09-20',4,'',3,'A',0,3,NULL,NULL,'A. Cole 32, Ballack 58, Drogba 63','',8),(214,'2009-09-23',6,'R3',52,'A',5,1,NULL,NULL,'Crouch 14 77 92, Defoe 37, Keane 87','Brown 83',8),(215,'2009-09-26',4,'',20,'H',5,0,NULL,NULL,'Keane 18(PK) 74 77 87(4), Jenas 33(1)','',8),(216,'2009-10-03',4,'',13,'A',2,2,NULL,NULL,'Kranjcar 34(1), Corluka 73(1)','Gardner 4, Davies 69',8),(217,'2009-10-17',4,'',14,'A',2,1,NULL,NULL,'King 29(1), Defoe 45(6)','Boateng 59',8),(218,'2009-10-24',4,'',12,'H',0,1,NULL,NULL,'','Whelan 86',8),(219,'2009-10-27',6,'R4',5,'H',2,0,NULL,NULL,'Huddlestone 31, Keane 57','',8),(220,'2009-10-31',4,'',4,'H',0,3,NULL,NULL,'','Van Persie 42 60, Fabregas 43',8),(221,'2009-11-07',4,'',16,'H',2,0,NULL,NULL,'Keane 12(5), Huddlestone 68(1)','',8),(222,'2009-11-22',4,'',11,'H',9,1,NULL,NULL,'Crouch 9(2), Defoe 51, 54, 58, 69, 87(11), Lennon 64(3), Bentley 88(1), Kranjcar 94(2)','Scharner 57',8),(223,'2009-10-03',4,'',6,'H',3,0,NULL,NULL,'Keane 16(9), Jenas 26(1), Crouch 67(6)','',7),(224,'2009-10-10',4,'',8,'A',7,1,NULL,NULL,'Keane 7 45 52 86(13), Crouch 29 39(8), Jenas 90(2)','Tevez 62',7),(225,'2009-10-13',6,'R3',40,'A',4,0,NULL,NULL,'Defoe 17 90, Kranjcar 60, Pavlyuchenko 79','',7),(226,'2009-10-17',4,'',13,'H',5,2,NULL,NULL,'Crouch 4 16 73(11), Dos Santos 42(1), Keane 45(14)','Elmander 53, Davies 71',7),(227,'2009-10-24',4,'',11,'A',2,0,NULL,NULL,'Keane 45 55(16)','',7),(228,'2009-10-31',4,'',10,'H',1,0,NULL,NULL,'Keane 22(17)','',7),(229,'2009-11-28',4,'',6,'A',1,1,NULL,NULL,'Dawson 77(1)','Agbonlahor 10',8),(230,'2009-12-01',6,'QF',1,'A',0,2,NULL,NULL,'Hutton 80','Gibson 16 38',8),(231,'2009-12-06',4,'',5,'A',2,2,NULL,NULL,'Defoe 47(12), Dawson 59(2)','Saha 78, Cahill 86',8),(232,'2009-12-12',4,'',18,'H',0,1,NULL,NULL,'','Doyle 3',8),(233,'2009-12-16',4,'',8,'H',3,0,NULL,NULL,'Kranjcar 37 93(4), Defoe 54(13)','',8),(234,'2009-12-26',4,'',9,'A',0,0,NULL,NULL,'','',8),(235,'2009-12-19',4,'',15,'A',2,0,NULL,NULL,'Crouch 45 83(4)','',8),(236,'2009-12-28',4,'',10,'H',2,0,NULL,NULL,'Modric 11(1), Defoe 81(14)','',8),(237,'2010-01-02',5,'R3',53,'H',4,0,NULL,NULL,'Kranjcar 35 57, Defoe 70, Keane 95(PK)','',8),(238,'2010-01-16',4,'',17,'H',0,0,NULL,NULL,'','',8),(239,'2010-01-20',4,'',2,'A',0,2,NULL,NULL,'','Kuyt 6 93(PK)',8),(240,'2010-01-23',5,'R4',23,'H',2,2,NULL,NULL,'Crouch 42, Pavlyuchenko 75','Beckford 52 96(PK)',8),(241,'2010-01-26',4,'',9,'H',2,0,NULL,NULL,'Crouch 27(5), Bentley 60(2)','',8),(242,'2010-01-30',4,'',19,'A',1,1,NULL,NULL,'Defoe 69(15)','Ridgewell 91',8),(243,'2010-02-03',5,'R4(r)',23,'A',3,1,NULL,NULL,'Defoe 37 73 93','Becchio 45',8),(244,'2010-02-06',4,'',6,'H',0,0,NULL,NULL,'','',8),(245,'2010-02-10',4,'',18,'A',0,1,NULL,NULL,'','Jones 27',8),(246,'2009-11-07',4,'',1,'A',1,0,NULL,NULL,'Keane 74(18)','',7),(247,'2009-11-14',4,'',20,'H',4,1,NULL,NULL,'Keane 50 57 72(21), Huddlestone 54(2)','Paterson 90',7),(248,'2009-11-21',4,'',18,'H',2,1,NULL,NULL,'Crouch 55(12), Keane 63(22)','Henry 40',7),(249,'2009-11-28',4,'',12,'A',1,1,NULL,NULL,'Keane 69(PK, 23)','Beattie 25',7),(250,'2009-12-05',4,'',4,'H',1,1,NULL,NULL,'Jenas 15(3)','Van Persie 76(PK)',7),(251,'2009-11-03',6,'R4',38,'H',6,0,NULL,NULL,'Pavlyuchenko 5 50, Kranjcar 12, Dos Santos 61, Huddlestone 71, Rose 75','',7),(252,'2009-12-12',4,'',5,'A',1,0,NULL,NULL,'Keane 32(24)','',7),(253,'2009-12-19',4,'',14,'H',0,1,NULL,NULL,'','Piquionne 71',7),(254,'2009-12-26',4,'',15,'H',2,0,NULL,NULL,'Huddlestone 24(3), Defoe 30(1)','',7),(255,'2009-12-30',4,'',6,'A',7,0,NULL,NULL,'Keane 14 57 79(27), Palacios 26(1), Jenas 45(4), Modric 49(2), Naughton 72(1)','',7),(256,'2009-12-22',6,'QF',1,'A',1,0,NULL,NULL,'Keane 116','',7),(257,'2010-01-02',4,'',19,'A',6,1,NULL,NULL,'Pavlyuchenko 6 55 81(3), Defoe 33 62(3), OG(Espinoza) 81','Ferguson 83',7),(258,'2010-01-06',4,'',8,'H',8,0,NULL,NULL,'Keane 16 79 90(30), Crouch 24 60 88(15), Corluka 30(1), Jenas 67(5)','',7),(259,'2010-01-09',5,'R3',54,'A',8,3,NULL,NULL,'Jean Raphael 3 45, Pavlyuchenko 14, Defoe 26 48 82, Bassong 68 72','Howe 24 53 61',7),(260,'2010-01-16',4,'',4,'A',3,0,NULL,NULL,'Keane 15(31), Crouch 59(16), Jean Raphael 83(1)','',7),(261,'2010-01-23',4,'',12,'H',0,1,NULL,NULL,'','Tuncay 81',7),(262,'2010-01-12',6,'SF Leg1',4,'A',1,0,NULL,NULL,'Dos Santos 70','',7),(263,'2010-01-19',6,'SF Leg2',4,'H',7,1,NULL,NULL,'Pavlyuchenko 2 75 81, Defoe 8 13 22 49','Bendtner 45',7),(264,'2010-02-14',5,'R5',13,'A',1,1,NULL,NULL,'Defoe 61','Davies 34',8),(265,'2010-02-21',4,'',11,'A',3,0,NULL,NULL,'Defoe 27(16), Pavlyuchenko 84 93(2)','',8),(266,'2010-02-24',5,'R5(r)',13,'H',4,0,NULL,NULL,'Pavlyuchenko 23 87, OG(Jaaskelainen) 35, OG(O\'Brien) 47','',8),(267,'2010-02-28',4,'',5,'H',2,1,NULL,NULL,'Pavlyuchenko 11(3), Modric 28(2)','Yakubu 55',8),(268,'2010-03-06',5,'QF',9,'A',0,0,NULL,NULL,'','',8),(269,'2010-03-13',4,'',15,'H',3,1,NULL,NULL,'Defoe 45(17), Pavlyuchenko 55 85(5)','Samba 80',8),(270,'2010-01-30',5,'R4',1,'A',1,0,NULL,NULL,'Bentley 90','',7),(271,'2010-02-06',4,'',18,'A',4,0,NULL,NULL,'Crouch 58(17), Keane 61 86(33), Lennon 74(2)','',7),(272,'2010-02-13',4,'',20,'A',4,0,NULL,NULL,'Keane 12 45 63(36), Crouch 76(18)','',7),(273,'2010-03-06',4,'',1,'H',1,1,NULL,NULL,'Keane 48(37)','Rooney 27',7),(274,'2010-03-20',4,'',2,'H',3,1,NULL,NULL,'Lennon 7(3), Keane 12(38), Crouch(19)','Kuyt 44',7),(275,'2010-03-27',4,'',16,'A',1,0,NULL,NULL,'Keane 53(39)','',7),(276,'2010-02-28',6,'Final',9,'N',1,0,NULL,NULL,'Keane 20','',7),(277,'2010-04-03',4,'',17,'H',7,0,NULL,NULL,'Crouch 13 24 39 88 90(24), Woodgate 69(1), Jenas 84(6)','',7),(278,'2010-04-17',4,'',9,'A',3,0,NULL,NULL,'Modric 19(3), Crouch 33 78(26)','',7),(279,'2010-04-21',4,'',13,'A',4,1,NULL,NULL,'Pavlyuchenko 11 24 47(6), Defoe 63(4)','OG(Jean Raphael) 84',7),(280,'2010-04-24',4,'',3,'H',3,0,NULL,NULL,'Keane 33 43 79(42)','',7),(281,'2010-04-28',4,'',11,'H',2,0,NULL,NULL,'Thomas 51(1), Defoe 87(5)','',7),(282,'2010-05-01',4,'',5,'H',0,0,NULL,NULL,'','',7),(283,'2010-05-05',4,'',10,'A',1,1,NULL,NULL,'Jean Raphael 32','Cole 86',7),(284,'2010-05-08',4,'',14,'A',3,1,NULL,NULL,'Defoe 20 68 81(8)','Piquionne 90',7),(285,'2010-02-20',5,'R5',20,'H',1,0,NULL,NULL,'Crouch 99','',7),(286,'2010-03-13',5,'QF',12,'H',3,1,NULL,NULL,'Crouch 15, Keane 45 61','Tuncay 21',7),(287,'2010-04-11',5,'SF',4,'H',4,1,NULL,NULL,'Keane 24 35, Crouch 61 79','Arshavin 28',7),(288,'2010-03-20',4,'',12,'A',2,1,NULL,NULL,'Gudjohnsen 46(1), Kranjcar 77(5)','Etherington 64(PK)',8),(289,'2010-03-24',5,'QF(r)',9,'H',3,1,NULL,NULL,'Bentley 47, Pavlyuchenko 60, Gudjohnsen 66','Zamora 17',8),(290,'2010-05-22',5,'Final',5,'N',1,0,NULL,NULL,'Modric 90','',7),(294,'2010-07-05',9,'',9,'H',5,0,NULL,NULL,'Crouch 19 28 67, Ndabashinze 42 45','',9),(295,'2010-07-12',9,'',4,'A',3,1,NULL,NULL,'Defoe 27, Crouch 34 66','Walcott 43',9),(296,'2010-07-19',9,'',59,'H',3,0,NULL,NULL,'Ndabashinze 45, Sneijder 67, Huddlestone 89','',9),(297,'2010-07-26',9,'',57,'A',5,1,NULL,NULL,'Defoe 38 42 67, Crouch 62, Ndabashinze 90','Gomis 80',9),(298,'2010-08-08',7,'',1,'A',NULL,NULL,NULL,NULL,'','',9),(299,'2010-08-14',4,'',10,'H',NULL,NULL,NULL,NULL,'','',9),(300,'2010-08-21',4,'',8,'H',NULL,NULL,NULL,NULL,'','',9),(301,'2010-08-28',4,'',9,'A',NULL,NULL,NULL,NULL,'','',9),(302,'2010-03-27',4,'',14,'H',2,0,NULL,NULL,'Crouch 27(6), Kranjcar 41(6)','',8),(303,'2010-04-03',4,'',16,'A',NULL,NULL,NULL,NULL,'','',8),(304,'2010-04-11',5,'SF',14,'H',NULL,NULL,NULL,NULL,'','',8),(305,'2010-04-14',4,'',4,'H',NULL,NULL,NULL,NULL,'','',8),(306,'2010-04-17',4,'',3,'H',NULL,NULL,NULL,NULL,'','',8),(307,'2010-04-24',4,'',1,'A',NULL,NULL,NULL,NULL,'','',8),(308,'2010-05-01',4,'',13,'H',NULL,NULL,NULL,NULL,'','',8),(309,'2010-05-05',4,'',8,'A',NULL,NULL,NULL,NULL,'','',8),(310,'2010-05-09',4,'',20,'A',NULL,NULL,NULL,NULL,'','',8);
/*!40000 ALTER TABLE `matches` ENABLE KEYS */;
UNLOCK TABLES;

--
-- Table structure for table `nations`
--

DROP TABLE IF EXISTS `nations`;
CREATE TABLE `nations` (
  `id` int(11) NOT NULL auto_increment,
  `name` varchar(255) collate utf8_unicode_ci NOT NULL,
  `region_id` int(11) NOT NULL,
  `abbr` varchar(255) collate utf8_unicode_ci default NULL,
  PRIMARY KEY  (`id`)
) ENGINE=InnoDB AUTO_INCREMENT=100 DEFAULT CHARSET=utf8 COLLATE=utf8_unicode_ci;

--
-- Dumping data for table `nations`
--

LOCK TABLES `nations` WRITE;
/*!40000 ALTER TABLE `nations` DISABLE KEYS */;
INSERT INTO `nations` VALUES (1,'Belgium',1,'BE'),(2,'Brazil',5,'BR'),(3,'Bulgaria',1,'BG'),(4,'England',1,'EL'),(5,'Ecuador',5,'EC'),(6,'France',1,'FR'),(7,'Germany',1,'DE'),(8,'Ireland',1,'IE'),(9,'Italy',1,'IT'),(10,'Korea',3,'KR'),(11,'Netherlands',1,'NL'),(12,'Northern Ireland',1,'ND'),(13,'Norway',1,'NO'),(14,'Poland',1,'PL'),(15,'Portugal',1,'PT'),(16,'Scotland',1,'SS'),(17,'Serbia',1,'RS'),(18,'South Africa',2,'ZA'),(19,'Wales',1,'WL'),(20,'Burundi',2,'BI'),(21,'Turkey',1,'TR'),(22,'Spain',1,'ES'),(23,'Andorra',1,'AD'),(24,'Albania',1,'AL'),(25,'Armenia',1,'AM'),(26,'Angola',2,'AO'),(27,'Argentina',6,'AR'),(28,'Austria',1,'AT'),(29,'Australia',2,'AU'),(30,'Bosnia And Herzegowina',1,'BA'),(31,'Benin',2,'BJ'),(32,'Bolivia',6,'BO'),(33,'Botswana',2,'BW'),(34,'Belarus',1,'BY'),(35,'Canada',5,'CA'),(36,'Congo',2,'CG'),(37,'Switzerland',1,'CH'),(38,'Ivory Coast',2,'CI'),(39,'Chile',6,'CL'),(40,'Cameroon',2,'CM'),(41,'China',3,'CN'),(42,'Colombia',6,'CO'),(43,'Costa Rica',5,'CR'),(44,'Cuba',5,'CU'),(45,'Czech',1,'CZ'),(46,'Denmark',1,'DK'),(47,'Dominican Republic',5,'DO'),(48,'Algeria',2,'DZ'),(49,'Estonia',1,'EE'),(50,'Egypt',2,'EG'),(51,'Western Sahara',2,'EH'),(52,'Ethiopia',2,'ET'),(53,'Finland',1,'FI'),(54,'Gabon',2,'GA'),(55,'Georgia',1,'GE'),(56,'Ghana',2,'GH'),(57,'Gambia',2,'GM'),(58,'Guinea',2,'GN'),(59,'Greece',1,'GR'),(60,'Guatemala',5,'GT'),(61,'Honduras',5,'HN'),(62,'Croatia',1,'HR'),(63,'Hungary',1,'HU'),(64,'Israel',1,'IL'),(65,'Iceland',1,'IS'),(66,'Jamaica',5,'JM'),(67,'Japan',3,'JP'),(68,'Kenya',2,'KE'),(69,'Lithuania',1,'LT'),(70,'Latvia',1,'LV'),(71,'Moldova',1,'MD'),(72,'Macedonia',1,'MK'),(73,'Mexico',5,'MX'),(74,'Namibia',2,'NA'),(75,'Niger',2,'NE'),(76,'Nigeria',2,'NG'),(77,'Nicaragua',5,'NI'),(78,'New Zealand',2,'NZ'),(79,'Peru',6,'PE'),(80,'Paraguay',6,'PY'),(81,'Romania',1,'RO'),(82,'Russia',1,'RU'),(83,'Sudan',2,'SD'),(84,'Sweden',1,'SE'),(85,'Slovenia',1,'SI'),(86,'Slovakia',1,'SK'),(87,'Senegal',2,'SN'),(88,'Somalia',2,'SO'),(89,'El Salvador',5,'SV'),(90,'Togo',2,'TG'),(91,'Tunisia',2,'TN'),(92,'Ukraine',1,'UA'),(93,'United States',5,'US'),(94,'Uruguay',6,'UY'),(95,'Venezuela',6,'VE'),(96,'Yugoslavia',1,'YU'),(97,'Zambia',2,'ZM'),(98,'Zaire',2,'ZR'),(99,'Zimbabwe',2,'ZW');
/*!40000 ALTER TABLE `nations` ENABLE KEYS */;
UNLOCK TABLES;

--
-- Table structure for table `player_attributes`
--

DROP TABLE IF EXISTS `player_attributes`;
CREATE TABLE `player_attributes` (
  `id` int(11) NOT NULL auto_increment,
  `player_id` int(11) NOT NULL,
  `acceleration` int(11) NOT NULL,
  `positiveness` int(11) NOT NULL,
  `quickness` int(11) NOT NULL,
  `balance` int(11) NOT NULL,
  `control` int(11) NOT NULL,
  `cross` int(11) NOT NULL,
  `curve` int(11) NOT NULL,
  `dribble` int(11) NOT NULL,
  `goalmaking` int(11) NOT NULL,
  `fk_accuracy` int(11) NOT NULL,
  `head_accuracy` int(11) NOT NULL,
  `jump` int(11) NOT NULL,
  `long_pass` int(11) NOT NULL,
  `long_shot` int(11) NOT NULL,
  `mark` int(11) NOT NULL,
  `pk` int(11) NOT NULL,
  `positioning` int(11) NOT NULL,
  `reaction` int(11) NOT NULL,
  `short_pass` int(11) NOT NULL,
  `shot_power` int(11) NOT NULL,
  `sliding` int(11) NOT NULL,
  `speed` int(11) NOT NULL,
  `stamina` int(11) NOT NULL,
  `tackle` int(11) NOT NULL,
  `physical` int(11) NOT NULL,
  `tactics` int(11) NOT NULL,
  `vision` int(11) NOT NULL,
  `volley` int(11) NOT NULL,
  `gk_dive` int(11) NOT NULL,
  `gk_handling` int(11) NOT NULL,
  `gk_kick` int(11) NOT NULL,
  `gk_positioning` int(11) NOT NULL,
  `gk_reaction` int(11) NOT NULL,
  PRIMARY KEY  (`id`)
) ENGINE=InnoDB AUTO_INCREMENT=80 DEFAULT CHARSET=utf8 COLLATE=utf8_unicode_ci;

--
-- Dumping data for table `player_attributes`
--

LOCK TABLES `player_attributes` WRITE;
/*!40000 ALTER TABLE `player_attributes` DISABLE KEYS */;
INSERT INTO `player_attributes` VALUES (1,1,32,57,21,51,22,14,12,13,8,11,12,58,27,11,12,24,55,66,27,29,11,41,63,10,76,78,40,12,80,84,83,90,75),(2,2,66,87,51,69,66,70,56,42,31,33,73,70,59,28,76,32,83,70,69,47,81,62,69,79,75,90,69,55,7,9,5,13,12),(3,3,71,84,52,80,73,45,51,58,39,27,87,88,73,29,88,54,88,78,74,59,87,74,76,94,85,80,69,51,21,20,30,20,22),(4,4,73,93,57,87,67,41,44,49,42,49,97,93,65,36,91,63,92,82,76,61,89,76,81,98,93,87,63,42,10,12,16,18,6),(5,5,90,83,89,78,83,83,78,88,53,52,77,84,81,51,82,59,82,92,85,75,94,90,94,87,71,79,73,54,13,14,12,5,8),(6,6,88,69,81,79,85,85,76,87,65,69,62,64,60,80,46,64,73,83,71,83,42,89,82,49,75,73,78,68,15,8,13,5,8),(7,7,70,86,62,75,86,83,74,76,67,67,75,69,93,85,65,77,94,80,91,88,42,68,68,57,75,93,94,85,13,10,8,9,8),(8,8,72,74,67,81,81,80,75,74,67,79,73,73,90,82,83,79,92,84,89,83,80,77,87,85,80,89,90,77,9,10,13,11,14),(9,9,79,58,85,70,88,89,87,83,78,82,66,65,82,73,26,81,87,73,86,77,45,77,66,46,61,84,90,81,10,9,12,9,8),(10,10,87,96,84,94,94,83,83,88,93,82,75,74,82,89,28,85,86,85,90,94,33,84,88,38,90,82,90,96,11,7,5,11,12),(11,11,73,61,83,82,93,77,77,86,93,71,90,86,64,80,13,80,92,94,89,90,19,74,62,25,78,77,89,94,7,8,8,12,8),(12,12,86,56,82,82,80,66,69,76,80,65,79,73,45,57,31,84,89,86,72,75,10,82,68,28,54,80,72,78,15,6,8,7,11),(13,13,89,59,92,79,86,81,76,86,69,75,45,52,59,83,30,63,60,69,70,81,33,87,72,30,62,60,74,76,5,12,13,6,12),(14,14,76,85,59,74,81,77,58,72,61,47,73,80,77,73,83,50,81,78,84,61,74,76,93,79,77,77,73,58,9,10,13,11,12),(15,15,79,81,78,77,85,82,80,73,50,85,67,69,80,79,78,73,91,90,86,76,81,83,81,85,76,90,83,60,6,13,9,6,11),(16,16,73,84,53,83,71,64,62,63,38,34,84,85,66,39,81,47,80,74,80,61,78,76,80,80,83,84,71,63,5,6,4,9,4),(17,17,68,81,53,68,60,60,32,39,28,25,77,83,55,25,80,34,76,74,71,42,81,63,78,82,75,74,56,46,7,8,5,11,6),(18,18,53,55,47,62,18,10,15,14,18,17,14,70,21,22,10,18,69,63,21,27,9,53,48,10,66,59,51,9,81,76,78,75,80),(19,19,86,81,84,83,85,70,79,85,58,79,54,68,80,65,63,79,81,77,84,83,60,84,79,69,78,77,85,71,9,8,7,9,8),(20,20,84,74,81,82,79,76,63,82,76,53,66,44,59,66,55,71,83,77,75,72,51,84,92,59,60,76,73,77,10,7,5,14,5),(21,21,85,40,79,68,75,71,58,77,74,67,64,66,39,74,20,66,75,60,61,78,21,83,68,24,61,62,57,70,3,5,6,5,3),(22,22,76,46,75,70,75,64,65,69,77,51,69,73,23,75,20,64,63,71,69,77,12,76,68,11,68,61,62,76,2,8,5,5,6),(23,23,85,64,71,71,70,75,68,61,55,59,37,57,61,42,52,61,68,69,64,51,41,87,69,47,59,68,67,47,7,7,9,6,5),(24,24,81,81,81,72,81,79,48,81,57,72,57,58,75,78,78,64,75,75,76,79,70,84,80,78,71,79,75,75,4,5,6,8,8),(25,25,69,81,49,67,59,70,41,43,22,24,73,79,53,29,79,35,77,64,62,43,83,72,75,80,78,77,56,31,7,6,10,10,10),(26,26,84,67,81,46,74,76,58,76,62,77,49,61,70,69,72,72,62,72,74,79,72,81,76,75,43,58,72,67,7,5,9,1,6),(27,27,50,62,52,55,26,15,12,25,14,12,15,67,26,23,23,21,61,69,35,25,23,53,68,25,60,58,63,15,76,69,53,68,76),(28,28,70,71,53,74,73,75,45,58,54,65,63,72,75,83,71,34,74,68,76,84,52,77,83,58,73,68,69,66,7,5,14,8,9),(29,29,80,38,75,52,80,76,75,77,68,82,50,64,65,75,20,61,69,56,73,79,13,77,71,14,48,68,72,67,7,6,5,7,6),(30,30,74,38,74,64,74,65,51,81,60,39,43,48,40,52,14,63,45,62,65,69,15,74,53,17,65,43,49,58,7,1,4,3,4),(31,31,60,65,57,56,57,38,38,30,23,38,65,64,24,35,62,28,52,64,49,38,72,65,64,68,57,59,47,29,4,9,2,5,5),(32,32,64,75,51,64,46,58,27,38,21,32,62,65,47,41,64,24,63,54,52,60,65,72,65,66,67,63,48,23,6,5,19,7,15),(33,33,72,52,69,49,68,45,45,62,42,72,44,55,65,56,34,40,49,65,69,74,48,68,72,56,49,50,67,59,1,2,3,5,6),(34,34,52,35,22,66,17,8,6,10,12,9,13,71,12,9,10,12,17,61,13,23,26,44,43,24,55,18,24,12,69,54,51,50,64),(35,35,71,57,55,31,65,45,43,56,55,43,47,38,60,63,40,52,53,54,66,72,32,65,66,49,49,42,63,50,1,4,7,4,1),(36,36,62,75,43,61,59,37,37,38,42,34,37,61,47,42,52,31,58,68,57,62,64,78,59,66,72,51,48,33,7,2,1,2,9),(37,37,78,32,56,30,57,36,45,45,53,47,61,27,31,54,10,48,46,54,43,71,11,74,39,11,62,49,21,44,2,8,4,8,4),(38,38,62,33,53,54,62,41,41,53,54,43,54,63,62,55,57,53,39,52,63,66,42,58,64,44,64,41,57,45,8,3,6,5,5),(39,39,56,78,67,75,41,31,37,19,19,39,25,76,38,24,79,33,57,65,31,17,85,68,78,69,75,51,52,24,4,1,3,6,2),(40,41,79,83,67,79,73,76,63,69,35,59,83,85,68,76,76,50,82,78,73,82,77,76,84,79,78,83,64,30,1,7,4,3,8),(41,40,48,49,46,64,25,15,12,10,10,12,9,80,19,22,9,35,87,83,23,38,10,52,79,9,64,63,75,8,83,68,57,75,85),(42,40,48,48,50,68,24,14,11,9,9,11,8,84,18,21,8,34,86,87,22,37,9,52,79,8,64,62,74,7,86,71,60,78,88),(43,41,0,0,0,0,0,0,0,0,0,0,0,0,0,0,0,0,0,0,0,0,0,0,0,0,0,0,0,0,0,0,0,0,0),(44,42,74,86,58,77,62,19,17,47,34,28,82,83,52,26,74,33,75,76,53,41,72,80,60,75,87,81,57,33,11,5,7,11,11),(45,43,71,81,50,67,62,65,62,30,24,47,74,76,55,50,82,37,81,68,64,64,79,77,75,82,82,77,57,34,8,9,6,7,7),(46,44,82,86,72,74,76,82,54,75,44,77,58,65,72,79,79,54,81,66,76,81,78,78,79,80,76,80,64,73,11,9,13,13,7),(47,45,79,41,79,68,81,80,81,83,68,87,50,52,78,83,32,78,71,66,83,84,34,76,73,45,52,65,77,78,9,8,13,10,14),(48,46,78,87,81,79,80,73,45,80,65,73,78,78,68,66,75,73,70,78,81,82,74,82,88,79,84,66,76,80,9,8,7,7,6),(49,47,74,75,67,78,76,69,65,63,57,73,69,70,81,85,71,52,71,63,84,87,69,76,71,74,88,71,81,75,13,14,11,14,6),(50,48,78,82,78,78,78,76,67,71,77,81,65,77,74,81,60,79,83,80,81,81,70,82,85,72,75,77,80,82,5,12,12,8,10),(51,49,88,49,86,80,80,53,62,83,87,63,67,71,38,74,23,81,81,86,64,85,10,87,78,19,63,50,56,83,9,8,9,9,8),(52,50,95,51,86,81,80,73,64,87,61,54,37,43,58,54,24,63,69,70,66,67,21,95,85,21,42,62,75,73,12,8,9,13,14),(53,51,51,46,50,66,25,10,18,19,11,19,18,62,14,19,12,18,54,73,25,20,25,51,68,27,70,65,65,11,76,77,69,75,78),(54,52,81,84,65,69,73,70,51,66,39,44,76,72,60,41,72,44,78,74,65,56,76,83,89,77,79,74,61,54,14,10,10,9,14),(55,53,77,82,56,77,62,41,35,38,37,52,85,87,52,43,79,54,75,69,62,42,84,76,78,82,85,76,58,37,10,4,10,5,7),(56,54,81,67,68,77,84,85,88,83,71,83,52,48,80,83,20,65,75,67,74,79,23,83,70,21,73,70,79,76,7,9,7,12,6),(57,55,80,62,85,76,88,78,74,86,79,87,57,67,85,74,60,74,84,82,87,72,41,83,86,50,61,83,89,77,2,3,6,8,9),(58,56,64,80,83,77,79,57,59,78,89,38,87,82,61,72,39,71,87,85,80,78,20,70,76,23,77,83,74,82,11,12,9,13,6),(59,57,84,59,89,84,90,69,75,89,92,52,69,65,52,84,27,86,90,90,82,86,16,81,73,25,67,80,88,94,14,13,6,13,10),(60,58,80,71,64,77,75,74,86,68,53,84,66,62,68,77,69,70,69,67,71,80,70,83,77,71,71,74,69,68,12,14,17,13,13),(61,59,76,73,71,74,73,56,68,69,73,77,77,79,59,75,40,74,77,74,68,79,35,80,72,38,71,76,66,74,1,2,3,5,6),(62,60,56,81,47,72,59,30,19,45,34,36,85,84,51,30,70,41,69,64,59,53,75,61,71,80,83,71,52,26,8,10,9,7,13),(63,61,87,62,80,66,79,71,70,84,68,76,53,62,63,71,20,58,68,71,73,73,15,86,54,17,49,46,78,67,8,9,5,12,7),(64,62,78,65,75,65,75,68,52,72,64,54,54,61,70,75,29,64,69,67,74,76,45,77,71,41,74,71,67,71,2,3,5,9,8),(65,63,89,68,71,67,63,60,43,61,45,28,66,73,66,52,67,39,70,66,68,70,73,87,73,74,68,76,57,64,11,8,9,7,11),(66,64,60,69,50,58,54,42,28,19,13,29,53,74,44,23,67,32,59,50,49,58,66,75,63,73,80,61,49,14,2,4,7,7,7),(67,65,73,43,63,61,72,67,41,72,62,43,38,49,51,62,43,22,50,55,67,66,44,83,50,48,43,54,56,59,9,6,6,7,13),(68,66,69,30,62,40,50,42,34,57,58,30,34,45,27,47,18,66,32,52,38,49,12,75,42,21,48,35,46,63,3,1,4,5,2),(69,67,63,47,56,51,60,59,41,57,41,44,40,52,59,52,30,55,46,52,62,52,38,69,66,35,53,62,58,44,6,1,4,6,2),(70,68,75,64,67,52,68,66,35,63,26,35,52,46,53,69,68,51,36,50,63,79,62,76,64,65,43,31,57,57,7,4,2,4,8),(71,69,81,19,43,65,41,14,12,30,13,17,29,67,31,15,8,13,51,42,39,29,23,68,51,37,49,59,58,31,60,51,52,57,60),(72,70,40,15,28,23,24,11,13,15,14,19,16,21,10,23,13,20,34,27,8,34,14,38,22,14,25,33,28,15,62,64,58,53,69),(73,71,69,42,76,75,73,76,76,75,77,82,67,60,68,71,66,70,76,69,70,70,51,71,75,65,49,73,79,76,6,11,10,11,15),(74,72,78,77,79,74,80,78,77,76,75,87,72,67,74,82,68,67,78,73,79,83,68,74,77,70,72,76,75,73,8,5,7,5,9),(75,73,77,85,80,78,78,71,43,78,63,71,76,77,66,64,73,71,68,77,79,80,72,81,87,77,83,64,74,78,9,8,7,7,6),(76,74,89,48,85,57,63,58,50,72,64,44,57,73,43,53,26,53,55,67,56,62,24,87,70,25,54,49,47,59,16,19,25,14,19),(77,75,39,50,31,45,17,10,24,16,14,20,20,23,23,19,15,24,46,63,36,16,71,44,54,54,59,48,40,17,70,57,47,50,64),(78,76,73,57,68,75,64,57,56,69,75,28,82,78,27,53,23,78,77,71,46,71,36,70,72,37,72,66,61,66,8,6,6,10,13),(79,77,37,43,33,57,23,10,11,5,12,13,19,46,23,13,12,25,19,48,24,55,9,58,53,8,70,60,46,9,76,65,61,69,82);
/*!40000 ALTER TABLE `player_attributes` ENABLE KEYS */;
UNLOCK TABLES;

--
-- Table structure for table `player_positions`
--

DROP TABLE IF EXISTS `player_positions`;
CREATE TABLE `player_positions` (
  `id` int(11) NOT NULL auto_increment,
  `player_id` int(11) NOT NULL,
  `position_id` int(11) NOT NULL,
  PRIMARY KEY  (`id`)
) ENGINE=InnoDB AUTO_INCREMENT=140 DEFAULT CHARSET=utf8 COLLATE=utf8_unicode_ci;

--
-- Dumping data for table `player_positions`
--

LOCK TABLES `player_positions` WRITE;
/*!40000 ALTER TABLE `player_positions` DISABLE KEYS */;
INSERT INTO `player_positions` VALUES (1,2,3),(2,2,6),(3,3,8),(4,3,2),(5,4,8),(6,5,5),(7,5,11),(8,6,10),(9,6,12),(10,6,15),(11,7,12),(12,7,15),(13,8,8),(14,8,12),(15,9,9),(16,9,12),(17,9,14),(18,10,18),(19,10,14),(20,10,17),(21,11,15),(22,12,17),(23,12,15),(24,13,13),(25,13,11),(26,13,10),(27,14,10),(28,14,8),(29,14,4),(30,15,9),(31,15,10),(32,15,6),(33,16,8),(34,16,5),(35,16,3),(36,17,4),(37,17,5),(38,19,12),(39,19,11),(40,19,8),(41,20,11),(42,20,12),(43,20,9),(44,21,18),(45,21,13),(46,21,14),(47,22,15),(48,22,14),(49,23,11),(50,23,17),(51,24,4),(52,24,13),(53,24,7),(54,25,4),(55,26,5),(56,26,11),(57,26,4),(58,28,8),(59,28,10),(60,29,14),(61,29,12),(62,29,10),(63,30,14),(64,30,10),(65,31,4),(66,32,4),(67,32,5),(68,33,10),(69,33,11),(70,35,12),(71,36,9),(72,36,3),(73,36,4),(74,37,15),(75,38,10),(76,38,4),(77,38,6),(81,41,3),(82,41,8),(83,41,10),(84,42,8),(85,43,5),(86,44,3),(87,44,7),(88,45,11),(89,45,14),(90,45,17),(91,46,8),(92,46,10),(93,46,11),(94,47,3),(95,47,8),(96,47,12),(97,48,8),(98,48,10),(99,49,16),(100,50,10),(101,50,11),(102,50,12),(103,52,6),(104,53,2),(105,54,9),(106,54,11),(107,54,13),(108,55,9),(109,55,10),(110,55,11),(111,56,15),(112,57,18),(113,58,7),(114,58,11),(115,59,15),(116,60,2),(117,61,11),(118,61,16),(119,61,18),(120,62,12),(121,63,10),(122,63,13),(123,64,2),(124,65,11),(125,65,12),(126,67,8),(127,68,7),(128,68,11),(129,68,14),(130,71,9),(131,72,7),(132,72,9),(133,72,12),(134,73,8),(135,73,10),(136,73,11),(137,74,17),(138,74,18),(139,76,13);
/*!40000 ALTER TABLE `player_positions` ENABLE KEYS */;
UNLOCK TABLES;

--
-- Table structure for table `player_seasons`
--

DROP TABLE IF EXISTS `player_seasons`;
CREATE TABLE `player_seasons` (
  `id` int(11) NOT NULL auto_increment,
  `player_id` int(11) NOT NULL,
  `season_id` int(11) NOT NULL,
  `order_number` int(11) NOT NULL,
  PRIMARY KEY  (`id`),
  UNIQUE KEY `index_player_seasons_on_season_id_and_order_number` (`season_id`,`order_number`),
  KEY `fk_player_seasons_players` (`player_id`),
  CONSTRAINT `fk_player_seasons_players` FOREIGN KEY (`player_id`) REFERENCES `players` (`id`),
  CONSTRAINT `fk_player_seasons_seasons` FOREIGN KEY (`season_id`) REFERENCES `seasons` (`id`)
) ENGINE=InnoDB AUTO_INCREMENT=150 DEFAULT CHARSET=utf8 COLLATE=utf8_unicode_ci;

--
-- Dumping data for table `player_seasons`
--

LOCK TABLES `player_seasons` WRITE;
/*!40000 ALTER TABLE `player_seasons` DISABLE KEYS */;
INSERT INTO `player_seasons` VALUES (1,1,1,1),(2,2,1,2),(3,3,1,3),(4,4,1,4),(5,5,1,5),(6,6,1,6),(7,7,1,7),(8,8,1,8),(9,9,1,9),(10,10,1,10),(11,11,1,11),(12,12,1,12),(13,13,1,13),(14,14,1,14),(15,15,1,15),(16,16,1,16),(17,17,1,17),(18,18,1,18),(19,19,1,19),(20,20,1,20),(21,21,1,21),(22,22,1,22),(23,23,1,23),(24,24,1,24),(25,25,1,25),(26,26,1,26),(27,27,1,27),(28,28,1,28),(29,29,1,29),(30,30,1,30),(31,31,1,31),(32,32,1,32),(33,33,1,33),(34,34,1,34),(35,35,1,35),(36,36,1,36),(37,37,1,37),(38,38,1,38),(39,1,2,1),(40,2,2,2),(41,3,2,3),(42,4,2,4),(43,5,2,5),(44,6,2,6),(45,7,2,7),(46,8,2,8),(47,9,2,9),(48,10,2,10),(49,11,2,11),(50,12,2,12),(51,13,2,13),(52,14,2,14),(53,15,2,15),(54,16,2,16),(55,17,2,17),(56,18,2,18),(57,19,2,19),(58,20,2,20),(59,21,2,21),(60,22,2,22),(61,23,2,23),(62,24,2,24),(63,25,2,25),(64,26,2,26),(65,27,2,27),(66,28,2,28),(67,29,2,29),(68,30,2,30),(69,31,2,32),(70,32,2,33),(71,33,2,34),(72,34,2,35),(73,35,2,36),(74,36,2,37),(75,37,2,38),(76,38,2,39),(77,39,2,31),(78,40,7,1),(79,41,7,2),(80,42,7,3),(81,43,7,17),(82,44,7,5),(83,45,7,13),(84,46,7,7),(85,47,7,15),(86,48,7,8),(87,49,7,12),(88,50,7,6),(89,51,7,18),(90,52,7,16),(91,53,7,4),(92,54,7,14),(93,55,7,9),(94,56,7,10),(95,57,7,11),(96,58,7,24),(97,59,7,19),(98,60,7,25),(99,61,7,23),(100,62,7,26),(101,63,7,27),(102,64,7,28),(103,65,7,29),(104,66,7,30),(105,67,7,31),(106,68,7,32),(107,69,7,33),(108,70,7,34),(109,71,7,22),(110,72,7,20),(111,73,7,21),(112,40,9,1),(113,41,9,2),(114,42,9,17),(115,53,9,3),(116,44,9,5),(117,50,9,6),(118,46,9,8),(119,48,9,7),(120,55,9,9),(121,56,9,10),(122,57,9,37),(123,49,9,11),(124,45,9,14),(125,54,9,13),(126,47,9,15),(127,52,9,16),(128,43,9,4),(129,51,9,18),(130,59,9,12),(131,72,9,23),(132,73,9,22),(133,71,9,21),(134,61,9,38),(135,58,9,24),(136,60,9,25),(137,62,9,28),(138,63,9,26),(139,64,9,27),(140,65,9,30),(141,66,9,34),(142,67,9,35),(143,68,9,31),(144,69,9,36),(145,70,9,32),(146,74,9,19),(147,75,9,33),(148,76,9,20),(149,77,9,29);
/*!40000 ALTER TABLE `player_seasons` ENABLE KEYS */;
UNLOCK TABLES;

--
-- Table structure for table `players`
--

DROP TABLE IF EXISTS `players`;
CREATE TABLE `players` (
  `id` int(11) NOT NULL auto_increment,
  `name` varchar(255) collate utf8_unicode_ci NOT NULL,
  `first_name` varchar(255) collate utf8_unicode_ci default NULL,
  `number` int(11) NOT NULL,
  `position_id` int(11) NOT NULL,
  `skill_move` int(11) NOT NULL,
  `is_right_dominant` tinyint(1) NOT NULL,
  `both_feet_level` int(11) NOT NULL,
  `height` int(11) NOT NULL,
  `weight` int(11) NOT NULL,
  `birth_year` int(11) NOT NULL,
  `nation_id` int(11) NOT NULL,
  `overall` int(11) NOT NULL,
  `market_value` int(11) default NULL,
  `note` varchar(255) collate utf8_unicode_ci default NULL,
  PRIMARY KEY  (`id`)
) ENGINE=InnoDB AUTO_INCREMENT=78 DEFAULT CHARSET=utf8 COLLATE=utf8_unicode_ci;

--
-- Dumping data for table `players`
--

LOCK TABLES `players` WRITE;
/*!40000 ALTER TABLE `players` DISABLE KEYS */;
INSERT INTO `players` VALUES (1,'Van Der Sar','Edwin',1,1,1,1,3,197,89,1971,11,83,8000,NULL),(2,'Neville','Gary',2,4,2,1,3,179,79,1975,4,76,2700,NULL),(3,'Ferdinand','Rio',5,3,2,1,3,192,82,1979,4,86,15550,NULL),(4,'Vidic','Nemanja',15,3,2,1,3,189,84,1982,17,89,17055,NULL),(5,'Evra','Patrice',3,7,2,0,2,175,76,1981,6,85,7100,NULL),(6,'Valencia','Antonio Luis',25,13,4,1,4,181,73,1985,5,82,12703,NULL),(7,'Scholes','Paul',18,9,3,1,3,170,74,1975,4,84,12000,NULL),(8,'Carrick','Michael',16,9,3,1,4,185,74,1981,4,85,10000,NULL),(9,'Giggs','Ryan',11,11,5,0,3,180,70,1974,19,83,10000,NULL),(10,'Rooney','Wayne',10,15,5,1,4,177,79,1986,4,89,34090,NULL),(11,'Berbatov','Dimitar',9,18,5,1,3,189,80,1981,3,86,15000,NULL),(12,'Owen','Michael',7,18,3,1,4,173,70,1980,4,78,5100,NULL),(13,'Nani','',17,14,5,1,4,175,66,1987,15,82,10000,NULL),(14,'Fletcher','Darren',24,9,3,1,3,184,83,1984,11,80,6400,NULL),(15,'Hargreaves','Owen',4,8,2,1,4,180,73,1981,4,83,7700,NULL),(16,'O\'Shea','John',22,4,2,1,3,190,75,1981,8,80,4500,NULL),(17,'J. Evans','Jonny',23,3,2,1,3,188,77,1988,18,78,4400,NULL),(18,'Foster','Ben',12,1,1,0,2,188,80,1983,4,77,3500,NULL),(19,'Anderson','',8,9,5,0,3,176,69,1988,2,81,6800,NULL),(20,'Park','Ji Sung',13,10,5,1,3,175,70,1981,15,80,5700,NULL),(21,'Welbeck','Danny',19,15,4,1,3,185,73,1991,4,75,5400,NULL),(22,'Macheda','Federico',27,18,2,1,3,184,77,1992,9,75,5400,NULL),(23,'Mabe','Thembinkosi',32,14,3,0,3,170,65,1991,18,71,3600,NULL),(24,'Rafael','Da Silva',21,6,4,1,4,172,69,1990,2,78,4100,NULL),(25,'Brown','Wes',6,3,2,1,3,185,75,1980,4,78,3900,NULL),(26,'Fabio','Da Silva',20,7,4,1,3,172,69,1990,2,74,2800,NULL),(27,'Kuszczak','Tomasz',29,1,1,1,2,190,84,1982,14,73,2300,NULL),(28,'Gibson','Darron',28,9,2,1,4,183,80,1988,8,73,3300,NULL),(29,'Tosic','Zoran',14,11,2,0,3,171,69,1987,17,76,4300,NULL),(30,'Obertan','Gabriel',26,13,5,1,4,186,80,1989,6,69,3400,NULL),(31,'Cathcart','Craig',37,3,2,1,2,188,73,1989,18,65,1300,NULL),(32,'De Laet','Ritchie',30,3,2,1,4,188,76,1989,1,66,1400,NULL),(33,'Eikrem','Magnus Wolff',51,9,2,1,3,179,69,1990,13,64,1300,NULL),(34,'Zieler','Ron-Robert',38,1,1,1,2,188,77,1989,7,62,880,NULL),(35,'Hewson','Sam',33,9,2,1,2,180,81,1989,4,61,990,NULL),(36,'C. Evans','Corry',31,8,2,1,3,181,74,1990,18,61,930,NULL),(37,'Bryan','Antonio',50,18,2,1,3,180,75,1990,4,60,1300,NULL),(38,'James','Matthew',47,9,2,1,3,175,75,1991,4,58,700,NULL),(39,'Habarugira','Valery',82,3,2,1,3,180,65,1989,20,64,1000,NULL),(40,'Gomes','',1,1,1,1,2,191,87,1981,2,80,3100,NULL),(41,'Corluka','Vedran',22,4,3,1,3,193,88,1986,62,80,3200,NULL),(42,'King','Ledley',26,3,2,1,3,188,91,1981,4,78,2900,NULL),(43,'Bassong','Sebastien',19,3,2,0,3,187,75,1987,6,79,4733,NULL),(44,'Assou-Ekotto','Benoit',32,5,2,0,4,178,69,1984,40,78,3100,NULL),(45,'Kranjcar','Niko',11,12,5,1,4,185,83,1985,62,79,4600,NULL),(46,'Palacios','Wilson',12,9,4,1,4,178,71,1985,61,78,3300,NULL),(47,'Huddlestone','Tom',6,9,3,1,3,190,94,1987,4,78,3500,NULL),(48,'Jenas','Jermaine',8,9,3,1,3,181,75,1983,4,79,3700,NULL),(49,'Defoe','Jermaine',18,18,5,1,3,171,65,1983,4,81,7000,NULL),(50,'Lennon','Aaron',7,13,5,1,3,165,72,1987,4,80,5900,NULL),(51,'Cudicini','Carlo',23,1,1,1,3,185,80,1974,9,77,2000,NULL),(52,'Hutton','Alan',2,4,2,1,3,185,72,1985,16,78,2700,NULL),(53,'Woodgate','Jonathan',39,3,2,1,3,189,80,1980,4,81,5800,NULL),(54,'Bentley','David',5,10,4,1,3,175,68,1985,4,80,4100,NULL),(55,'Modric','Luka',14,12,5,1,5,173,65,1986,62,84,7400,NULL),(56,'Crouch','Peter',15,18,3,1,3,201,79,1981,4,80,9223,NULL),(57,'Keane','Robbie',10,15,5,1,3,175,73,1981,8,83,7600,NULL),(58,'Bale','Gareth',3,5,3,0,3,183,74,1990,19,73,1700,NULL),(59,'Pavlyuchenko','Roman',9,18,4,1,3,188,78,1982,82,76,4300,NULL),(60,'Dawson','Michael',20,3,2,1,3,187,79,1984,4,76,2500,NULL),(61,'Dos Santos','Giovani',17,15,5,0,4,171,60,1989,73,76,4200,NULL),(62,'Bostock','John',41,9,3,0,4,173,71,1992,4,71,1900,NULL),(63,'Naughton','Kyle',16,4,2,1,4,180,76,1989,4,71,1500,NULL),(64,'Dervite','Dorian',30,3,2,1,3,192,85,1988,6,68,1200,NULL),(65,'Rose','Danny',25,14,2,0,2,179,76,1990,4,69,2000,NULL),(66,'Hamed','Radwan',48,18,2,1,2,183,85,1989,4,55,440,NULL),(67,'McKenna','Kieran',49,9,2,1,3,182,68,1986,12,63,830,NULL),(68,'Smith','Adam',54,5,2,0,3,178,75,1991,4,61,510,NULL),(69,'Button','David',35,1,1,1,3,190,72,1989,4,59,410,NULL),(70,'Jansson','Oscar',52,1,1,1,3,188,75,1991,84,60,410,NULL),(71,'Jean Raphael','De Souza Andrade',88,12,3,1,3,178,68,1989,2,75,3100,NULL),(72,'Marlos','Mauricio e Silva',51,11,3,0,3,184,71,1988,2,79,3800,NULL),(73,'Thomas','Edgar',44,9,4,1,4,178,71,1991,61,77,3000,NULL),(74,'Ndabashinze','Valery',35,13,3,1,4,170,64,1990,20,69,1900,NULL),(75,'Butcher','Lee',13,1,1,1,3,185,77,1989,4,61,500,NULL),(76,'Sneijder','Jos',29,18,2,1,3,189,77,1990,11,66,2000,NULL),(77,'Filomeno','Marcelo Daniel',79,1,1,1,3,187,84,1989,27,73,1600,NULL);
/*!40000 ALTER TABLE `players` ENABLE KEYS */;
UNLOCK TABLES;

--
-- Table structure for table `positions`
--

DROP TABLE IF EXISTS `positions`;
CREATE TABLE `positions` (
  `id` int(11) NOT NULL auto_increment,
  `name` varchar(255) collate utf8_unicode_ci NOT NULL,
  `category` varchar(255) collate utf8_unicode_ci NOT NULL,
  PRIMARY KEY  (`id`)
) ENGINE=InnoDB AUTO_INCREMENT=19 DEFAULT CHARSET=utf8 COLLATE=utf8_unicode_ci;

--
-- Dumping data for table `positions`
--

LOCK TABLES `positions` WRITE;
/*!40000 ALTER TABLE `positions` DISABLE KEYS */;
INSERT INTO `positions` VALUES (1,'GK','Goalkeeper'),(2,'SW','Defender'),(3,'CB','Defender'),(4,'RB','Defender'),(5,'LB','Defender'),(6,'RWB','Defender'),(7,'LWB','Defender'),(8,'CDM','Midfielder'),(9,'CM','Midfielder'),(10,'RM','Midfielder'),(11,'LM','Midfielder'),(12,'CAM','Midfielder'),(13,'RW','Forward'),(14,'LW','Forward'),(15,'CF','Forward'),(16,'RF','Forward'),(17,'LF','Forward'),(18,'ST','Forward');
/*!40000 ALTER TABLE `positions` ENABLE KEYS */;
UNLOCK TABLES;

--
-- Table structure for table `regions`
--

DROP TABLE IF EXISTS `regions`;
CREATE TABLE `regions` (
  `id` int(11) NOT NULL auto_increment,
  `name` varchar(255) collate utf8_unicode_ci NOT NULL,
  PRIMARY KEY  (`id`)
) ENGINE=InnoDB AUTO_INCREMENT=7 DEFAULT CHARSET=utf8 COLLATE=utf8_unicode_ci;

--
-- Dumping data for table `regions`
--

LOCK TABLES `regions` WRITE;
/*!40000 ALTER TABLE `regions` DISABLE KEYS */;
INSERT INTO `regions` VALUES (1,'Europe'),(2,'Africa'),(3,'Asia'),(4,'Oceania'),(5,'North America'),(6,'South America');
/*!40000 ALTER TABLE `regions` ENABLE KEYS */;
UNLOCK TABLES;

--
-- Table structure for table `schema_migrations`
--

DROP TABLE IF EXISTS `schema_migrations`;
CREATE TABLE `schema_migrations` (
  `version` varchar(255) collate utf8_unicode_ci NOT NULL,
  UNIQUE KEY `unique_schema_migrations` (`version`)
) ENGINE=InnoDB DEFAULT CHARSET=utf8 COLLATE=utf8_unicode_ci;

--
-- Dumping data for table `schema_migrations`
--

LOCK TABLES `schema_migrations` WRITE;
/*!40000 ALTER TABLE `schema_migrations` DISABLE KEYS */;
INSERT INTO `schema_migrations` VALUES ('20091213140109'),('20091213140924'),('20091214104031'),('20091214104312'),('20091214140704'),('20091218123850'),('20091219070150'),('20091222234521'),('20091225231523'),('20091227075745'),('20091230104100'),('20100113115430'),('20100113124614'),('20100114120528'),('20100115234855'),('20100116085624'),('20100116090112'),('20100116105859'),('20100116121347'),('20100116133545'),('20100116134903'),('20100117010630'),('20100123162508'),('20100126000710'),('20100126230813'),('20100222110511'),('20100222111020');
/*!40000 ALTER TABLE `schema_migrations` ENABLE KEYS */;
UNLOCK TABLES;

--
-- Temporary table structure for view `season_with_name`
--

DROP TABLE IF EXISTS `season_with_name`;
/*!50001 DROP VIEW IF EXISTS `season_with_name`*/;
/*!50001 CREATE TABLE `season_with_name` (
  `id` int(11),
  `chronicle_name` varchar(255),
  `team_name` varchar(255),
  `year_start` int(11)
) */;

--
-- Table structure for table `seasons`
--

DROP TABLE IF EXISTS `seasons`;
CREATE TABLE `seasons` (
  `id` int(11) NOT NULL auto_increment,
  `chronicle_id` int(11) default NULL,
  `team_id` int(11) default NULL,
  `closed` tinyint(1) default '0',
  `year_start` int(11) NOT NULL,
  PRIMARY KEY  (`id`)
) ENGINE=InnoDB AUTO_INCREMENT=10 DEFAULT CHARSET=utf8 COLLATE=utf8_unicode_ci;

--
-- Dumping data for table `seasons`
--

LOCK TABLES `seasons` WRITE;
/*!40000 ALTER TABLE `seasons` DISABLE KEYS */;
INSERT INTO `seasons` VALUES (1,1,1,1,2009),(2,1,1,0,2010),(3,2,1,0,2009),(4,1,1,0,2011),(5,3,1,0,2009),(7,4,7,1,2009),(8,5,7,0,2009),(9,4,7,0,2010);
/*!40000 ALTER TABLE `seasons` ENABLE KEYS */;
UNLOCK TABLES;

--
-- Table structure for table `series`
--

DROP TABLE IF EXISTS `series`;
CREATE TABLE `series` (
  `id` int(11) NOT NULL auto_increment,
  `name` varchar(255) collate utf8_unicode_ci NOT NULL,
  `abbr` varchar(255) collate utf8_unicode_ci default NULL,
  PRIMARY KEY  (`id`)
) ENGINE=InnoDB AUTO_INCREMENT=10 DEFAULT CHARSET=utf8 COLLATE=utf8_unicode_ci;

--
-- Dumping data for table `series`
--

LOCK TABLES `series` WRITE;
/*!40000 ALTER TABLE `series` DISABLE KEYS */;
INSERT INTO `series` VALUES (1,'UEFA Champions League','CL'),(2,'UEFA Europa League','EL'),(3,'UEFA Super Cup','UEFA SC'),(4,'Premier League','Premier'),(5,'FA Cup','FA Cup'),(6,'League Cup','L. Cup'),(7,'Community Shield','C. Shield'),(8,'League Championship','Championship'),(9,'Friendly Match','Friendly');
/*!40000 ALTER TABLE `series` ENABLE KEYS */;
UNLOCK TABLES;

--
-- Table structure for table `teams`
--

DROP TABLE IF EXISTS `teams`;
CREATE TABLE `teams` (
  `id` int(11) NOT NULL auto_increment,
  `name` varchar(255) collate utf8_unicode_ci NOT NULL,
  `abbr` varchar(255) collate utf8_unicode_ci default NULL,
  `nickname` varchar(255) collate utf8_unicode_ci default NULL,
  `ground` varchar(255) collate utf8_unicode_ci default NULL,
  `year_founded` int(11) default NULL,
  `nation_id` int(11) NOT NULL,
  PRIMARY KEY  (`id`),
  KEY `fk_teams_nations` (`nation_id`),
  CONSTRAINT `fk_teams_nations` FOREIGN KEY (`nation_id`) REFERENCES `nations` (`id`)
) ENGINE=InnoDB AUTO_INCREMENT=62 DEFAULT CHARSET=utf8 COLLATE=utf8_unicode_ci;

--
-- Dumping data for table `teams`
--

LOCK TABLES `teams` WRITE;
/*!40000 ALTER TABLE `teams` DISABLE KEYS */;
INSERT INTO `teams` VALUES (1,'Manchester United','Man. Utd.','The Red Devils','Old Trafford',1878,4),(2,'Liverpool',NULL,'The Reds','Anfield',1892,4),(3,'Chelsea',NULL,'The Pensioners','Stamford Bridge',1905,4),(4,'Arsenal',NULL,'The Gunners','Emirates Stadium',1886,4),(5,'Everton',NULL,'The Toffees','Goodison Park',1878,4),(6,'Aston Villa','Aston V.','The Villa','Villa Park',1874,4),(7,'Tottenham Hotspur','Tottenham','Spurs','White Hart Lane',1882,4),(8,'Manchester City','Man. City','The Citizens','City of Manchester Stadium',1887,4),(9,'Fulham',NULL,'The Cottagers','Craven Cottage',1879,4),(10,'West Ham United','West Ham','The Hammers','Upton Park',1895,4),(11,'Wigan Athletic','Wigan','Latics','DW Stadium',1932,4),(12,'Stoke City','Stoke','The Potters','Britannia Stadium',1863,4),(13,'Bolton Wanderers','Bolton','The Trotters','Reebok Stadium',1874,4),(14,'Portsmouth',NULL,'Pompey','Fratton Park',1898,4),(15,'Blackburn Rovers','Blackburn','Rovers','Ewood Park',1875,4),(16,'Sunderland',NULL,'The Black Cats','Stadium of Light',1879,4),(17,'Hull City','Hull','The Tigers','KC Stadium',1904,4),(18,'Wolverhampton','Wolves','Wolves','Molineux Stadium',1877,4),(19,'Birmingham City','Birmingham','Blues','St. Andrew\'s Stadium',1875,4),(20,'Burnley',NULL,'The Clarets','Turf Moor',1882,4),(21,'Newcastle United','Newcastle','The Magpies','St. James\' Park',1892,4),(22,'Derby County','Derby','The Rams','Pride Park Stadium',1884,4),(23,'Leeds United','Leeds Utd.','The Whites','Elland Road',1919,4),(24,'Norwich City','Norwich','The Canaries','Carrow Road',1902,4),(25,'West Bromwich Albion','West Brom.','The Baggies','The Hawthorns',1878,4),(26,'Nottingham Forest','Nottingham','Forest','City Ground',1865,4),(27,'Cardiff City','Cardiff','The Bluebirds','Cardiff City Stadium',1899,4),(28,'Sheffield United','Sheffield','The Blades','Bramall Lane',1889,4),(29,'Ipswich Town','Ipswich','Town','Portman Road',1878,4),(30,'Dagenham & Redbridge','Dag & Red','The Daggers','Victoria Road',1992,4),(31,'Standard Liege','Std. Liege','Les Rouches','Stade Maurice Dufrasne',1898,6),(32,'Galatasaray SK','Galatasary','Cim Bom','Ali Sami Yen Stadium',1905,21),(33,'Alkmaar Zaanstreek','AZ','AZ','DSB Stadion',1967,11),(34,'Atletico Madrid','Atletico M','Los colchoneros','Vicente Calderon',1903,22),(35,'Middlesbrough','Middlesbr.','The Boro','Riverside Stadium',1876,4),(36,'Bradford Park Avenue','Bradfrd PA','The Avenue','Horsfall Stadium',1863,4),(37,'Coventry City','Coventry','The Sky Blues','Ricoh Arena',1883,4),(38,'Swansea City','Swansea','The Swans','Liberty Stadium',1912,4),(39,'Leicester City','Leicester','The Foxes','Walkers Stadium',1884,4),(40,'Crystal Palace','Crystal P.','The Eagles','Selhurst Park',1905,4),(41,'AC Milan',NULL,'Rossoneri','San Siro',1899,9),(42,'Besiktas',NULL,'Kara Kartallar','BJK Inonu Stadium',1903,21),(43,'Wolfsburg, VfL','Wolfsburg','Die Wolfe','Volkswagen Arena',1945,7),(44,'CSKA Moscow','CSKA Mscow','Koni','Luzhniki Stadium',1911,82),(45,'TBD',NULL,NULL,'To be determined...',NULL,4),(46,'Porto',NULL,'Dragoes','Estadio do Dragao',1893,15),(47,'Barcelona',NULL,'L\'equip blaugrana','Camp Nou',1899,22),(48,'Real Madrid',NULL,'Los Blancos','Estadio Santiago Bernabeu',1902,22),(49,'Stuttgart, VfL','Stuttgart','Die Roten','Mercedes-Benz Arena',1893,7),(50,'Montpellier Herault Sport Club','Montpellier',NULL,'Stade de la Mosson',1893,6),(51,'Doncaster Rovers','Doncaster','Donny','Keepmoat Stadium',1879,4),(52,'Preston North End','Preston','The Lilywhites','Deepdale',1880,4),(53,'Peterborough United','Peterborough','The Posh','London Road Stadium',1934,4),(54,'Lincoln City','Lincoln','The Imps','Sincil Bank',1884,4),(55,'Bayern Munchen','Bayern M.','Der FCB','Allianz Arena',1900,7),(56,'Internazionale Milano','Inter','I Nerazzurri','Stadio Giuseppe Meazza',1908,9),(57,'Olympique Lyonnais','Lyon','Les Gones','Stade Gerland',1899,6),(58,'Girondins de Bordeaux','Bordeaux','Les Girondins','Stade Chaban Delmas',1881,6),(59,'Sampdoria',NULL,'Blucerchiati','Stadio Luigi Ferraris',1946,9),(60,'Ajax Amsterdam','Ajax','Godenzonen','Amsterdam Arena',1900,11),(61,'Juventus',NULL,'La Vecchia Signora','Stadio Olimpico di Torino',1897,9);
/*!40000 ALTER TABLE `teams` ENABLE KEYS */;
UNLOCK TABLES;

--
-- Table structure for table `users`
--

DROP TABLE IF EXISTS `users`;
CREATE TABLE `users` (
  `id` int(11) NOT NULL auto_increment,
  `name` varchar(255) collate utf8_unicode_ci NOT NULL,
  `hashed_password` varchar(255) collate utf8_unicode_ci default NULL,
  `salt` varchar(255) collate utf8_unicode_ci default NULL,
  `is_writer` tinyint(1) NOT NULL default '0',
  `is_admin` tinyint(1) NOT NULL default '0',
  `created_at` datetime default NULL,
  `updated_at` datetime default NULL,
  PRIMARY KEY  (`id`),
  UNIQUE KEY `index_users_on_name` (`name`)
) ENGINE=InnoDB AUTO_INCREMENT=3 DEFAULT CHARSET=utf8 COLLATE=utf8_unicode_ci;

--
-- Dumping data for table `users`
--

LOCK TABLES `users` WRITE;
/*!40000 ALTER TABLE `users` DISABLE KEYS */;
INSERT INTO `users` VALUES (1,'kumagai','5e92e4de63468ec22a23002bdd87063b762f79a0','29638100.368817561253004',1,1,'2010-01-27 08:48:33','2010-02-03 12:09:11'),(2,'naoyuki','bf3bf3cb27d9caeaf7d3a154a9515752af988591','92192400.448172592672608',1,1,'2010-02-28 13:47:39','2010-02-28 13:47:39');
/*!40000 ALTER TABLE `users` ENABLE KEYS */;
UNLOCK TABLES;

--
-- Final view structure for view `season_with_name`
--

/*!50001 DROP TABLE IF EXISTS `season_with_name`*/;
/*!50001 DROP VIEW IF EXISTS `season_with_name`*/;
/*!50001 CREATE ALGORITHM=UNDEFINED */
/*!50013 DEFINER=`fifa10`@`localhost` SQL SECURITY DEFINER */
/*!50001 VIEW `season_with_name` AS select `s`.`id` AS `id`,`c`.`name` AS `chronicle_name`,`t`.`name` AS `team_name`,`s`.`year_start` AS `year_start` from ((`chronicles` `c` join `teams` `t`) join `seasons` `s`) where ((`c`.`id` = `s`.`chronicle_id`) and (`t`.`id` = `s`.`team_id`)) */;
/*!40103 SET TIME_ZONE=@OLD_TIME_ZONE */;

/*!40101 SET SQL_MODE=@OLD_SQL_MODE */;
/*!40014 SET FOREIGN_KEY_CHECKS=@OLD_FOREIGN_KEY_CHECKS */;
/*!40014 SET UNIQUE_CHECKS=@OLD_UNIQUE_CHECKS */;
/*!40101 SET CHARACTER_SET_CLIENT=@OLD_CHARACTER_SET_CLIENT */;
/*!40101 SET CHARACTER_SET_RESULTS=@OLD_CHARACTER_SET_RESULTS */;
/*!40101 SET COLLATION_CONNECTION=@OLD_COLLATION_CONNECTION */;
/*!40111 SET SQL_NOTES=@OLD_SQL_NOTES */;

-- Dump completed on 2010-04-03 23:26:15
