-- MySQL dump 10.11
--
-- Host: localhost    Database: fifa10_development
-- ------------------------------------------------------
-- Server version	5.0.45-log

/*!40101 SET @OLD_CHARACTER_SET_CLIENT=@@CHARACTER_SET_CLIENT */;
/*!40101 SET @OLD_CHARACTER_SET_RESULTS=@@CHARACTER_SET_RESULTS */;
/*!40101 SET @OLD_COLLATION_CONNECTION=@@COLLATION_CONNECTION */;
/*!40101 SET NAMES utf8 */;
/*!40103 SET @OLD_TIME_ZONE=@@TIME_ZONE */;
/*!40103 SET TIME_ZONE='+00:00' */;
/*!40014 SET @OLD_UNIQUE_CHECKS=@@UNIQUE_CHECKS, UNIQUE_CHECKS=0 */;
/*!40014 SET @OLD_FOREIGN_KEY_CHECKS=@@FOREIGN_KEY_CHECKS, FOREIGN_KEY_CHECKS=0 */;
/*!40101 SET @OLD_SQL_MODE=@@SQL_MODE, SQL_MODE='NO_AUTO_VALUE_ON_ZERO' */;
/*!40111 SET @OLD_SQL_NOTES=@@SQL_NOTES, SQL_NOTES=0 */;

--
-- Table structure for table `chronicles`
--

DROP TABLE IF EXISTS `chronicles`;
CREATE TABLE `chronicles` (
  `id` int(11) NOT NULL auto_increment,
  `name` varchar(255) collate utf8_unicode_ci NOT NULL default '',
  `closed` tinyint(1) default '0',
  PRIMARY KEY  (`id`)
) ENGINE=InnoDB AUTO_INCREMENT=9 DEFAULT CHARSET=utf8 COLLATE=utf8_unicode_ci;

--
-- Dumping data for table `chronicles`
--

LOCK TABLES `chronicles` WRITE;
/*!40000 ALTER TABLE `chronicles` DISABLE KEYS */;
INSERT INTO `chronicles` VALUES (1,'FIFA 10 (ManUtd)',1),(2,'Manchester United (in Real)',0),(3,'FIFA 10 Live Season Premier League',1),(4,'FIFA 10 (Spurs)',1),(5,'Tottenham Hotspur (in Real)',0),(6,'2010 FIFA World Cup',1),(7,'FIFA 11 (ManUtd)',0),(8,'FIFA 11 (Spurs)',1);
/*!40000 ALTER TABLE `chronicles` ENABLE KEYS */;
UNLOCK TABLES;

--
-- Table structure for table `formations`
--

DROP TABLE IF EXISTS `formations`;
CREATE TABLE `formations` (
  `id` int(11) NOT NULL auto_increment,
  `name` varchar(255) collate utf8_unicode_ci NOT NULL,
  `note` varchar(255) collate utf8_unicode_ci default NULL,
  `position01_id` int(11) NOT NULL,
  `position02_id` int(11) NOT NULL,
  `position03_id` int(11) NOT NULL,
  `position04_id` int(11) NOT NULL,
  `position05_id` int(11) NOT NULL,
  `position06_id` int(11) NOT NULL,
  `position07_id` int(11) NOT NULL,
  `position08_id` int(11) NOT NULL,
  `position09_id` int(11) NOT NULL,
  `position10_id` int(11) NOT NULL,
  `position11_id` int(11) NOT NULL,
  PRIMARY KEY  (`id`),
  UNIQUE KEY `index_formations_on_name` (`name`)
) ENGINE=InnoDB AUTO_INCREMENT=7 DEFAULT CHARSET=utf8 COLLATE=utf8_unicode_ci;

--
-- Dumping data for table `formations`
--

LOCK TABLES `formations` WRITE;
/*!40000 ALTER TABLE `formations` DISABLE KEYS */;
INSERT INTO `formations` VALUES (1,'4-4-2','',1,4,3,3,5,10,9,9,11,16,17),(2,'4-1-2-1-2','',1,4,3,3,5,8,10,11,12,16,17),(3,'4-4-1-1','',1,4,3,3,5,10,9,9,11,12,15),(4,'4-1-4-1','',1,4,3,3,5,8,10,9,9,11,15),(5,'4-3-3','',1,4,3,3,5,9,9,9,13,15,14),(6,'4-5-1','',1,4,3,3,5,9,9,9,10,11,15);
/*!40000 ALTER TABLE `formations` ENABLE KEYS */;
UNLOCK TABLES;

--
-- Table structure for table `matches`
--

DROP TABLE IF EXISTS `matches`;
CREATE TABLE `matches` (
  `id` int(11) NOT NULL auto_increment,
  `date_match` date default NULL,
  `series_id` int(11) default NULL,
  `subname` varchar(255) collate utf8_unicode_ci NOT NULL default '',
  `opponent_id` int(11) NOT NULL,
  `ground` varchar(255) collate utf8_unicode_ci default NULL,
  `scores_own` int(11) default NULL,
  `scores_opp` int(11) default NULL,
  `pks_own` int(11) default NULL,
  `pks_opp` int(11) default NULL,
  `scorers_own` varchar(255) collate utf8_unicode_ci NOT NULL default '',
  `scorers_opp` varchar(255) collate utf8_unicode_ci NOT NULL default '',
  `season_id` int(11) NOT NULL,
  `opponent_type` varchar(255) collate utf8_unicode_ci NOT NULL default 'Team',
  PRIMARY KEY  (`id`)
) ENGINE=InnoDB AUTO_INCREMENT=792 DEFAULT CHARSET=utf8 COLLATE=utf8_unicode_ci;

--
-- Dumping data for table `matches`
--

LOCK TABLES `matches` WRITE;
/*!40000 ALTER TABLE `matches` DISABLE KEYS */;
INSERT INTO `matches` VALUES (1,'2011-01-08',4,'',17,'H',3,0,NULL,NULL,'Welbeck 7 88(2), Fletcher 86(1)','',2,'Team'),(2,'2011-01-15',4,'',8,'A',3,0,NULL,NULL,'Rooney 13 59(24), Scholes 40','',2,'Team'),(3,'2011-01-22',4,'',29,'H',1,0,NULL,NULL,'Scholes 57(3)','',2,'Team'),(4,'2010-08-08',7,'',4,'N',2,0,NULL,NULL,'','',2,'Team'),(5,'2010-08-14',4,'',16,'A',3,1,NULL,NULL,'','',2,'Team'),(6,'2010-08-21',4,'',10,'H',1,0,NULL,NULL,'','',2,'Team'),(7,'2010-08-28',4,'',17,'A',2,1,NULL,NULL,'','',2,'Team'),(8,'2010-09-04',4,'',8,'H',0,2,NULL,NULL,'','',2,'Team'),(9,'2010-09-11',4,'',29,'A',3,0,NULL,NULL,'','',2,'Team'),(10,'2010-09-14',6,'R2',30,'A',4,0,NULL,NULL,'','',2,'Team'),(11,'2010-09-18',4,'',21,'H',0,2,NULL,NULL,'','',2,'Team'),(12,'2010-09-21',1,'GL #1/6',31,'A',3,0,NULL,NULL,'','',2,'Team'),(13,'2010-09-28',1,'GL #2/6',33,'H',2,0,NULL,NULL,'','',2,'Team'),(14,'2010-09-25',4,'',14,'A',3,0,NULL,NULL,'','',2,'Team'),(15,'2010-10-02',4,'',5,'H',0,1,NULL,NULL,'','',2,'Team'),(16,'2010-10-09',4,'',6,'A',2,1,NULL,NULL,'','',2,'Team'),(17,'2010-10-12',6,'R3',14,'A',1,0,NULL,NULL,'','',2,'Team'),(18,'2010-10-16',4,'',12,'A',0,0,NULL,NULL,'','',2,'Team'),(19,'2010-10-23',4,'',11,'H',5,0,NULL,NULL,'','',2,'Team'),(20,'2010-10-27',1,'GL #3/6',34,'H',1,0,NULL,NULL,'','',2,'Team'),(21,'2010-10-30',4,'',7,'A',6,0,NULL,NULL,'','',2,'Team'),(22,'2010-11-02',6,'R4',4,'A',1,0,NULL,NULL,'','',2,'Team'),(23,'2010-11-06',4,'',3,'H',1,2,NULL,NULL,'','',2,'Team'),(24,'2010-11-09',1,'GL #4/6',34,'A',1,1,NULL,NULL,'','',2,'Team'),(25,'2010-11-13',4,'',2,'A',1,1,NULL,NULL,'','',2,'Team'),(26,'2010-11-20',4,'',15,'A',4,0,NULL,NULL,'','',2,'Team'),(27,'2010-11-27',4,'',35,'A',4,0,NULL,NULL,'','',2,'Team'),(28,'2010-12-01',1,'GL #5/6',33,'A',2,3,NULL,NULL,'','',2,'Team'),(29,'2010-12-04',4,'',9,'H',3,1,NULL,NULL,'','',2,'Team'),(30,'2010-12-08',1,'GL #6/6',31,'H',2,2,NULL,NULL,'','',2,'Team'),(31,'2010-12-11',4,'',4,'A',4,1,NULL,NULL,'','',2,'Team'),(32,'2010-12-18',4,'',18,'H',3,1,NULL,NULL,'','',2,'Team'),(33,'2010-12-21',6,'QF',3,'A',1,0,NULL,NULL,'Rooney 120','',2,'Team'),(34,'2010-12-25',4,'',16,'H',1,1,NULL,NULL,'','',2,'Team'),(35,'2011-01-01',4,'',10,'A',2,0,NULL,NULL,'','',2,'Team'),(36,'2011-01-08',5,'R3',36,'A',4,0,NULL,NULL,'','',2,'Team'),(38,'2011-01-11',6,'SF Leg1',5,'H',0,1,NULL,NULL,'','',2,'Team'),(40,'2011-01-18',6,'SF Leg2',5,'A',4,0,NULL,NULL,'','',2,'Team'),(41,'2011-01-29',5,'R4',14,'H',4,0,NULL,NULL,'Welbeck 7, Owen 24, Macheda 86 89','',2,'Team'),(42,'2011-01-29',4,'',21,'A',4,1,NULL,NULL,'Berbatov 13 34 45(18), Valencia 86(2)','Ranger 6',2,'Team'),(43,'2011-02-05',4,'',14,'H',1,0,NULL,NULL,'Carrick 64(3)','',2,'Team'),(101,'2009-08-09',7,' ',3,'N',2,2,1,4,'Nani 10, Rooney 92','Carvalho 52, Lampard 71',3,'Team'),(102,'2009-08-16',4,' ',19,'H',1,0,NULL,NULL,'Rooney 34(1)','',3,'Team'),(103,'2009-08-19',4,' ',20,'A',0,1,NULL,NULL,'','Blake 19',3,'Team'),(104,'2009-08-22',4,' ',11,'A',5,0,NULL,NULL,'Rooney 56 65(3), Berbatov 58(1), Owen 85(1), Nani 92(1)','',3,'Team'),(105,'2009-08-29',4,' ',4,'H',2,1,NULL,NULL,'Rooney 59(PK, 4), OG(Diaby) 64','Arshavin 40',3,'Team'),(106,'2009-09-12',4,' ',7,'A',3,1,NULL,NULL,'Giggs 25(1), Anderson 41(1), Rooney 78(5)','Defoe 1',3,'Team'),(107,'2009-09-15',1,'GL#1',42,'A',1,0,NULL,NULL,'Scholes 77','',3,'Team'),(108,'2009-09-20',4,' ',8,'H',4,3,NULL,NULL,'Rooney 5(6), Fletcher 48 80(2), Owen 95(2)','Barry 16, Bellamy 52 90',3,'Team'),(109,'2009-09-23',6,' ',18,'H',1,0,NULL,NULL,'Welbeck 66','',3,'Team'),(110,'2009-09-26',4,' ',12,'A',2,0,NULL,NULL,'Berbatov 62(2), O\'Shea 76(1)','',3,'Team'),(111,'2009-09-30',1,'GL#2',43,'H',2,1,NULL,NULL,'Giggs 59, Carrick 78','Dzeko 55',3,'Team'),(112,'2009-10-03',4,' ',16,'H',2,2,NULL,NULL,'Berbatov 51(3), OG(Ferdinand) 92','Bent 7, Jones 58',3,'Team'),(113,'2009-10-17',4,' ',13,'H',2,1,NULL,NULL,'OG(Knight) 5, Valencia 33(1)','Taylor 75',3,'Team'),(114,'2009-10-21',1,'GL#3',44,'A',1,0,NULL,NULL,'Valencia 86','',3,'Team'),(115,'2009-10-25',4,' ',2,'A',0,2,NULL,NULL,'','Torres 65, Ngog 96',3,'Team'),(116,'2009-10-31',4,' ',15,'H',2,0,NULL,NULL,'Berbatov 55(4), Rooney 87(7)','',3,'Team'),(117,'2009-11-03',1,'GL#4',44,'H',3,3,NULL,NULL,'Owen 29, Scholes 84, OG(Schennikov) 92','Dzagoev 25, Krasic 31, Berezutski 47',3,'Team'),(118,'2009-11-08',4,' ',3,'A',0,1,NULL,NULL,'','Terry 76',3,'Team'),(119,'2009-11-21',4,' ',5,'H',3,0,NULL,NULL,'Fletcher 35(3), Carrick 67(1), Valencia 76(2)','',3,'Team'),(120,'2009-11-25',1,'GL#5',42,'H',0,1,NULL,NULL,'','Tello 18',3,'Team'),(121,'2009-11-28',4,' ',14,'A',4,1,NULL,NULL,'Rooney 25(PK) 48 54(PK, 10), Giggs 87(2)','Boateng 32(PK)',3,'Team'),(122,'2009-12-01',6,'QF',7,'H',2,0,NULL,NULL,'Gibson 16 38','',3,'Team'),(123,'2009-12-05',4,' ',10,'A',4,0,NULL,NULL,'Scholes 45(1), Gibson 61(1), Valencia 70(3), Rooney 72(11)','',3,'Team'),(124,'2009-12-08',1,'GL#6',43,'A',3,1,NULL,NULL,'Owen 44 83 90','Dzeko 55',3,'Team'),(125,'2009-12-12',4,' ',6,'H',0,1,NULL,NULL,'','Agbonlahor 21',3,'Team'),(126,'2009-12-15',4,' ',18,'H',3,0,NULL,NULL,'Rooney 30(PK,12), Vidic 44(1), Valencia 66(4)','',3,'Team'),(127,'2009-12-19',4,' ',9,'A',0,3,NULL,NULL,'','Murphy 22, Zamora 46, Duff 75',3,'Team'),(128,'2009-12-26',4,' ',17,'A',3,1,NULL,NULL,'Rooney 47(13), OG(Dawson) 73, Berbatov 82(5)','Fagan 59(PK)',3,'Team'),(129,'2009-12-30',4,' ',11,'H',5,0,NULL,NULL,'Rooney 28(14), Carrick 32(2), Rafael 45(1), Berbatov 50(6), Valencia 75(5)','',3,'Team'),(130,'2010-01-03',5,'R3',23,'H',0,1,NULL,NULL,'','Beckford 19',3,'Team'),(131,'2010-01-09',4,' ',19,'A',1,1,NULL,NULL,'OG(Dann) 63','Jerome 39',3,'Team'),(132,'2010-01-16',4,' ',20,'H',3,0,NULL,NULL,'Berbatov 64(7), Rooney 69(15), Diouf 90(1)','',3,'Team'),(133,'2010-01-19',6,'SF #1',8,'A',1,2,NULL,NULL,'Giggs 17','Tevez 42 65',3,'Team'),(134,'2010-01-23',4,' ',17,'H',4,0,NULL,NULL,'Rooney 8 82 86 93(19)',' ',3,'Team'),(135,'2010-01-27',6,'SF #2',8,'H',3,1,NULL,NULL,'Scholes 52, Carrick 71, Rooney 92','Tevez 76',3,'Team'),(136,'2010-01-30',4,' ',4,'A',3,1,NULL,NULL,'OG(Almunia) 33, Rooney 37(20), Park 52(1)','Vermaelen 80',3,'Team'),(137,'2010-02-06',4,' ',14,'H',5,0,NULL,NULL,'Rooney 39(21), OG(Vanden Borre) 45, OG(Hughes) 59, Berbatov 62(8), OG(Wilson) 69',' ',3,'Team'),(138,'2010-02-10',4,' ',6,'A',1,1,NULL,NULL,'OG(Collins) 23','Cuellar 19',3,'Team'),(139,'2010-02-16',1,'R1 #1',41,'A',3,2,NULL,NULL,'Scholes 36, Rooney 66 74','Ronaldinho 3, Seedorf 85',3,'Team'),(140,'2010-02-20',4,' ',5,'A',1,3,NULL,NULL,'Berbatov 16(9)','Bilyaletdinov 19, Gosling 76, Rodwell 90',3,'Team'),(141,'2010-02-23',4,' ',10,'H',3,0,NULL,NULL,'Rooney 38 55(23), Owen 80(3)',' ',3,'Team'),(142,'2010-03-06',4,' ',18,'A',1,0,NULL,NULL,'Scholes 72(2)',' ',3,'Team'),(143,'2010-03-10',1,'R1 #2',41,'H',4,0,NULL,NULL,'Rooney 13 46, Park 59, Fletcher 88',' ',3,'Team'),(144,'2010-03-14',4,' ',9,'H',3,0,NULL,NULL,'Rooney 46 84(25), Berbatov 89(10)',' ',3,'Team'),(145,'2010-03-21',4,' ',2,'H',2,1,NULL,NULL,'Rooney 11(26), Park 59(2)','Torres 5',3,'Team'),(146,'2010-03-27',4,' ',13,'A',4,0,NULL,NULL,'OG(Samuel) 38, Berbatov 69 78(12), Gibson 82(2)',' ',3,'Team'),(147,'2010-03-30',1,'QF #1',55,'A',1,2,NULL,NULL,'Rooney 2','Rivery 77, Olic 92',3,'Team'),(148,'2010-04-03',4,' ',3,'H',1,2,NULL,NULL,'Macheda 81','J.Cole 20, Drogba 79',3,'Team'),(149,'2010-04-07',1,'QF #2',55,'H',3,2,NULL,NULL,'Gibson 3, Nani 7 41','Olic 43, Robben 74',3,'Team'),(150,'2010-04-10',4,' ',15,'A',0,0,NULL,NULL,' ',' ',3,'Team'),(151,'2010-04-17',4,' ',8,'A',1,0,NULL,NULL,'Scholes 93(3)',' ',3,'Team'),(153,'2010-04-24',4,' ',7,'H',3,1,NULL,NULL,'Giggs 58(PK) 86(PK, 4), Nani 81(2)','King 70',3,'Team'),(155,'2010-05-01',4,' ',16,'A',1,0,NULL,NULL,'Nani 28(3)',' ',3,'Team'),(156,'2010-05-09',4,' ',12,'H',4,0,NULL,NULL,'Fletcher 31(4), Giggs 38(5), OG(Higginbotham) 54, Park 84(3)',' ',3,'Team'),(158,'2011-02-12',4,'',5,'A',1,0,NULL,NULL,'Carrick 15(4)','',2,'Team'),(159,'2011-02-19',4,'',6,'H',5,0,NULL,NULL,'Rooney 3 45(26), Valencia 14(3), Berbatov 18 72(20)','',2,'Team'),(160,'2011-02-26',5,'R5',37,'H',2,0,NULL,NULL,'Macheda 17 60','',2,'Team'),(161,'2010-02-28',6,'Final',6,'N',2,1,NULL,NULL,'Owen 12, Rooney 74','Milner 5(PK)',3,'Team'),(162,'2011-02-26',4,'',12,'H',3,0,NULL,NULL,'Berbatov 11(21), Welbeck 23 90(4)','',2,'Team'),(163,'2011-03-01',1,'R1 Leg1',32,'H',0,2,NULL,NULL,'','Elano 13, Baros 71',2,'Team'),(164,'2011-03-06',6,'Final',15,'N',2,0,NULL,NULL,'Rooney 33, Berbatov 49','',2,'Team'),(165,'2011-03-10',4,'',11,'A',4,0,NULL,NULL,'Berbatov 47 64(23), Owen 71 77(5)','',2,'Team'),(166,'2011-03-15',1,'R1 Leg2',32,'A',3,1,NULL,NULL,'Berbatov 39 80, Ferdinand 89','Baros 23',2,'Team'),(167,'2011-03-19',5,'QF',9,'H',1,0,NULL,NULL,'Berbatov 99','',2,'Team'),(168,'2011-03-19',4,'',7,'H',1,0,NULL,NULL,'Carrick 22(5)','',2,'Team'),(169,'2011-03-26',4,'',3,'A',2,0,NULL,NULL,'Berbatov 19(24), Rooney 64(27)','',2,'Team'),(170,'2011-04-02',4,'',2,'H',3,0,NULL,NULL,'Berbatov 20(25), Rooney 75 79(29)','',2,'Team'),(171,'2011-03-29',1,'QF Leg1',10,'A',5,0,NULL,NULL,'Owen 8 36, Welbeck 13, Nani 61, Fletcher 90','',2,'Team'),(172,'2011-04-05',1,'QF Leg2',10,'H',4,0,NULL,NULL,'Hargreaves 7, Mabe 45, Macheda 79 90','',2,'Team'),(173,'2011-04-09',4,'',15,'A',0,0,NULL,NULL,'','',2,'Team'),(174,'2011-04-10',5,'SF',10,'H',3,1,NULL,NULL,'Berbatov 7 82, Welbeck 68','Nouble 2',2,'Team'),(175,'2011-04-16',4,'',35,'H',1,0,NULL,NULL,'Berbatov 24(26)','',2,'Team'),(176,'2011-04-23',4,'',9,'A',4,2,NULL,NULL,'Berbatov 10(27), Owen 11 26 77(8)','Dempsey 29, Nevland 85',2,'Team'),(177,'2011-04-30',4,'',4,'H',3,0,NULL,NULL,'Macheda 33(1), Carrick 75(6), Berbatov 90(28)','',2,'Team'),(178,'2011-05-07',4,'',18,'A',2,0,NULL,NULL,'Macheda 39 78(3)','',2,'Team'),(179,'2011-04-26',1,'SF Leg1',46,'H',1,0,NULL,NULL,'Welbeck 90','',2,'Team'),(180,'2011-05-10',1,'SF Leg2',46,'A',3,0,NULL,NULL,'Rooney 18 36, Valencia 60','',2,'Team'),(181,'2011-05-21',5,'Final',4,'N',1,1,2,4,'Welbeck 36','Van Persie 6',2,'Team'),(182,'2011-05-25',1,'Final',47,'N',0,1,NULL,NULL,'','Ibrahimovic 31',2,'Team'),(184,'2009-08-16',4,'',19,'H',3,0,NULL,NULL,'Rooney 18 22 37(3)','',5,'Team'),(185,'2009-08-19',4,'',20,'A',1,0,NULL,NULL,'Rooney 50(4)','',5,'Team'),(186,'2009-08-22',4,'',11,'A',3,0,NULL,NULL,'Berbatov 43 66(2), Welbeck 76(1)','',5,'Team'),(187,'2009-08-29',4,'',4,'H',3,0,NULL,NULL,'Nani 26 33(2), Rooney 87(5)','',5,'Team'),(188,'2009-09-12',4,'',7,'A',3,0,NULL,NULL,'Berbatov 33(3), Rooney 49 90(7)','',5,'Team'),(189,'2009-09-20',4,'',8,'H',5,0,NULL,NULL,'Berbatov 10 42(5), Rooney 12 50(9), Fletcher 40(1)','',5,'Team'),(190,'2009-09-26',4,'',12,'A',0,0,NULL,NULL,'','',5,'Team'),(191,'2009-10-03',4,'',16,'H',0,0,NULL,NULL,'','',5,'Team'),(192,'2009-10-17',4,'',13,'H',3,1,NULL,NULL,'Owen 37(1), Berbatov 62 73(7)','',5,'Team'),(193,'2009-10-25',4,'',2,'A',NULL,NULL,NULL,NULL,'','',5,'Team'),(194,'2009-10-31',4,'',15,'H',NULL,NULL,NULL,NULL,'','',5,'Team'),(195,'2009-07-06',9,'',10,'H',0,0,NULL,NULL,'','',7,'Team'),(196,'2009-07-13',9,'',14,'A',2,1,NULL,NULL,'Palacios 33, Crouch 77','Dindane 41',7,'Team'),(197,'2009-07-20',9,'',50,'H',2,0,NULL,NULL,'Keane 14 17','',7,'Team'),(198,'2009-07-27',9,'',49,'A',2,0,NULL,NULL,'Modric 25, Crouch 29','',7,'Team'),(199,'2009-08-15',4,'',15,'A',6,2,NULL,NULL,'Crouch 25 45(2), Keane 44 68(PK) 73(3), Lennon 87(1)','Diouf 59 89',7,'Team'),(200,'2009-08-22',4,'',19,'H',1,0,NULL,NULL,'Keane 55(4)','',7,'Team'),(201,'2009-08-29',4,'',3,'A',1,0,NULL,NULL,'Keane 89(5)','',7,'Team'),(202,'2009-09-05',4,'',9,'H',0,1,NULL,NULL,'','Duff 59',7,'Team'),(203,'2009-09-12',4,'',17,'A',3,0,NULL,NULL,'Keane 24 40(7), Modric 31(1)','',7,'Team'),(204,'2009-09-15',6,'R2',15,'A',2,0,NULL,NULL,'Pavlyuchenko 41, Defoe 75','',7,'Team'),(205,'2009-09-19',4,'',16,'H',2,0,NULL,NULL,'Crouch 13 88(4)','',7,'Team'),(206,'2009-09-26',4,'',2,'A',3,0,NULL,NULL,'Keane 52(8), Crouch 80(5) Huddlestone 90(1)','',7,'Team'),(207,'2009-08-16',4,'',2,'H',2,1,NULL,NULL,'Assou-Ekotto 44(1), Bassong 59(1)','Gerrard 56(PK)',8,'Team'),(208,'2009-08-19',4,'',17,'A',5,1,NULL,NULL,'Defoe 10 45 94(3), Palacios 14(1), Keane 78(1)','Hunt 25',8,'Team'),(209,'2009-08-23',4,'',10,'A',2,1,NULL,NULL,'Defoe 54(4), Lennon 79(1)','Cole 49',8,'Team'),(210,'2009-08-26',6,'R2',51,'A',5,1,NULL,NULL,'Huddlestone 9, O\'Hara 11, Crouch 37, Bentley 52, Pavlyuchenko 69','Woods 61(PK)',8,'Team'),(211,'2009-08-29',4,'',19,'H',2,1,NULL,NULL,'Crouch 72(1), Lennon 95(2)','Bowyer 75',8,'Team'),(212,'2009-09-12',4,'',1,'H',1,3,NULL,NULL,'Defoe 1(5)','Giggs 25, Anderson 41, Rooney 78',8,'Team'),(213,'2009-09-20',4,'',3,'A',0,3,NULL,NULL,'','A. Cole 32, Ballack 58, Drogba 63',8,'Team'),(214,'2009-09-23',6,'R3',52,'A',5,1,NULL,NULL,'Crouch 14 77 92, Defoe 37, Keane 87','Brown 83',8,'Team'),(215,'2009-09-26',4,'',20,'H',5,0,NULL,NULL,'Keane 18(PK) 74 77 87(4), Jenas 33(1)','',8,'Team'),(216,'2009-10-03',4,'',13,'A',2,2,NULL,NULL,'Kranjcar 34(1), Corluka 73(1)','Gardner 4, Davies 69',8,'Team'),(217,'2009-10-17',4,'',14,'A',2,1,NULL,NULL,'King 29(1), Defoe 45(6)','Boateng 59',8,'Team'),(218,'2009-10-24',4,'',12,'H',0,1,NULL,NULL,'','Whelan 86',8,'Team'),(219,'2009-10-27',6,'R4',5,'H',2,0,NULL,NULL,'Huddlestone 31, Keane 57','',8,'Team'),(220,'2009-10-31',4,'',4,'H',0,3,NULL,NULL,'','Van Persie 42 60, Fabregas 43',8,'Team'),(221,'2009-11-07',4,'',16,'H',2,0,NULL,NULL,'Keane 12(5), Huddlestone 68(1)','',8,'Team'),(222,'2009-11-22',4,'',11,'H',9,1,NULL,NULL,'Crouch 9(2), Defoe 51 54 58 69 87(11), Lennon 64(3), Bentley 88(1), Kranjcar 94(2)','Scharner 57',8,'Team'),(223,'2009-10-03',4,'',6,'H',3,0,NULL,NULL,'Keane 16(9), Jenas 26(1), Crouch 67(6)','',7,'Team'),(224,'2009-10-10',4,'',8,'A',7,1,NULL,NULL,'Keane 7 45 52 86(13), Crouch 29 39(8), Jenas 90(2)','Tevez 62',7,'Team'),(225,'2009-10-13',6,'R3',40,'A',4,0,NULL,NULL,'Defoe 17 90, Kranjcar 60, Pavlyuchenko 79','',7,'Team'),(226,'2009-10-17',4,'',13,'H',5,2,NULL,NULL,'Crouch 4 16 73(11), Dos Santos 42(1), Keane 45(14)','Elmander 53, Davies 71',7,'Team'),(227,'2009-10-24',4,'',11,'A',2,0,NULL,NULL,'Keane 45 55(16)','',7,'Team'),(228,'2009-10-31',4,'',10,'H',1,0,NULL,NULL,'Keane 22(17)','',7,'Team'),(229,'2009-11-28',4,'',6,'A',1,1,NULL,NULL,'Dawson 77(1)','Agbonlahor 10',8,'Team'),(230,'2009-12-01',6,'QF',1,'A',0,2,NULL,NULL,'','Gibson 16 38',8,'Team'),(231,'2009-12-06',4,'',5,'A',2,2,NULL,NULL,'Defoe 47(12), Dawson 59(2)','Saha 78, Cahill 86',8,'Team'),(232,'2009-12-12',4,'',18,'H',0,1,NULL,NULL,'','Doyle 3',8,'Team'),(233,'2009-12-16',4,'',8,'H',3,0,NULL,NULL,'Kranjcar 37 93(4), Defoe 54(13)','',8,'Team'),(234,'2009-12-26',4,'',9,'A',0,0,NULL,NULL,'','',8,'Team'),(235,'2009-12-19',4,'',15,'A',2,0,NULL,NULL,'Crouch 45 83(4)','',8,'Team'),(236,'2009-12-28',4,'',10,'H',2,0,NULL,NULL,'Modric 11(1), Defoe 81(14)','',8,'Team'),(237,'2010-01-02',5,'R3',53,'H',4,0,NULL,NULL,'Kranjcar 35 57, Defoe 70, Keane 95(PK)','',8,'Team'),(238,'2010-01-16',4,'',17,'H',0,0,NULL,NULL,'','',8,'Team'),(239,'2010-01-20',4,'',2,'A',0,2,NULL,NULL,'','Kuyt 6 93(PK)',8,'Team'),(240,'2010-01-23',5,'R4',23,'H',2,2,NULL,NULL,'Crouch 42, Pavlyuchenko 75','Beckford 52 96(PK)',8,'Team'),(241,'2010-01-26',4,'',9,'H',2,0,NULL,NULL,'Crouch 27(5), Bentley 60(2)','',8,'Team'),(242,'2010-01-30',4,'',19,'A',1,1,NULL,NULL,'Defoe 69(15)','Ridgewell 91',8,'Team'),(243,'2010-02-03',5,'R4(r)',23,'A',3,1,NULL,NULL,'Defoe 37 73 93','Becchio 45',8,'Team'),(244,'2010-02-06',4,'',6,'H',0,0,NULL,NULL,'','',8,'Team'),(245,'2010-02-10',4,'',18,'A',0,1,NULL,NULL,'','Jones 27',8,'Team'),(246,'2009-11-07',4,'',1,'A',1,0,NULL,NULL,'Keane 74(18)','',7,'Team'),(247,'2009-11-14',4,'',20,'H',4,1,NULL,NULL,'Keane 50 57 72(21), Huddlestone 54(2)','Paterson 90',7,'Team'),(248,'2009-11-21',4,'',18,'H',2,1,NULL,NULL,'Crouch 55(12), Keane 63(22)','Henry 40',7,'Team'),(249,'2009-11-28',4,'',12,'A',1,1,NULL,NULL,'Keane 69(PK, 23)','Beattie 25',7,'Team'),(250,'2009-12-05',4,'',4,'H',1,1,NULL,NULL,'Jenas 15(3)','Van Persie 76(PK)',7,'Team'),(251,'2009-11-03',6,'R4',38,'H',6,0,NULL,NULL,'Pavlyuchenko 5 50, Kranjcar 12, Dos Santos 61, Huddlestone 71, Rose 75','',7,'Team'),(252,'2009-12-12',4,'',5,'A',1,0,NULL,NULL,'Keane 32(24)','',7,'Team'),(253,'2009-12-19',4,'',14,'H',0,1,NULL,NULL,'','Piquionne 71',7,'Team'),(254,'2009-12-26',4,'',15,'H',2,0,NULL,NULL,'Huddlestone 24(3), Defoe 30(1)','',7,'Team'),(255,'2009-12-30',4,'',6,'A',7,0,NULL,NULL,'Keane 14 57 79(27), Palacios 26(1), Jenas 45(4), Modric 49(2), Naughton 72(1)','',7,'Team'),(256,'2009-12-22',6,'QF',1,'A',1,0,NULL,NULL,'Keane 116','',7,'Team'),(257,'2010-01-02',4,'',19,'A',6,1,NULL,NULL,'Pavlyuchenko 6 55 81(3), Defoe 33 62(3), OG(Espinoza) 81','Ferguson 83',7,'Team'),(258,'2010-01-06',4,'',8,'H',8,0,NULL,NULL,'Keane 16 79 90(30), Crouch 24 60 88(15), Corluka 30(1), Jenas 67(5)','',7,'Team'),(259,'2010-01-09',5,'R3',54,'A',8,3,NULL,NULL,'Jean Raphael 3 45, Pavlyuchenko 14, Defoe 26 48 82, Bassong 68 72','Howe 24 53 61',7,'Team'),(260,'2010-01-16',4,'',4,'A',3,0,NULL,NULL,'Keane 15(31), Crouch 59(16), Jean Raphael 83(1)','',7,'Team'),(261,'2010-01-23',4,'',12,'H',0,1,NULL,NULL,'','Tuncay 81',7,'Team'),(262,'2010-01-12',6,'SF Leg1',4,'A',1,0,NULL,NULL,'Dos Santos 70','',7,'Team'),(263,'2010-01-19',6,'SF Leg2',4,'H',7,1,NULL,NULL,'Pavlyuchenko 2 75 81, Defoe 8 13 22 49','Bendtner 45',7,'Team'),(264,'2010-02-14',5,'R5',13,'A',1,1,NULL,NULL,'Defoe 61','Davies 34',8,'Team'),(265,'2010-02-21',4,'',11,'A',3,0,NULL,NULL,'Defoe 27(16), Pavlyuchenko 84 93(2)','',8,'Team'),(266,'2010-02-24',5,'R5(r)',13,'H',4,0,NULL,NULL,'Pavlyuchenko 23 87, OG(Jaaskelainen) 35, OG(O\'Brien) 47','',8,'Team'),(267,'2010-02-28',4,'',5,'H',2,1,NULL,NULL,'Pavlyuchenko 11(3), Modric 28(2)','Yakubu 55',8,'Team'),(268,'2010-03-06',5,'QF',9,'A',0,0,NULL,NULL,'','',8,'Team'),(269,'2010-03-13',4,'',15,'H',3,1,NULL,NULL,'Defoe 45(17), Pavlyuchenko 55 85(5)','Samba 80',8,'Team'),(270,'2010-01-30',5,'R4',1,'A',1,0,NULL,NULL,'Bentley 90','',7,'Team'),(271,'2010-02-06',4,'',18,'A',4,0,NULL,NULL,'Crouch 58(17), Keane 61 86(33), Lennon 74(2)','',7,'Team'),(272,'2010-02-13',4,'',20,'A',4,0,NULL,NULL,'Keane 12 45 63(36), Crouch 76(18)','',7,'Team'),(273,'2010-03-06',4,'',1,'H',1,1,NULL,NULL,'Keane 48(37)','Rooney 27',7,'Team'),(274,'2010-03-20',4,'',2,'H',3,1,NULL,NULL,'Lennon 7(3), Keane 12(38), Crouch(19)','Kuyt 44',7,'Team'),(275,'2010-03-27',4,'',16,'A',1,0,NULL,NULL,'Keane 53(39)','',7,'Team'),(276,'2010-02-28',6,'Final',9,'N',1,0,NULL,NULL,'Keane 20','',7,'Team'),(277,'2010-04-03',4,'',17,'H',7,0,NULL,NULL,'Crouch 13 24 39 88 90(24), Woodgate 69(1), Jenas 84(6)','',7,'Team'),(278,'2010-04-17',4,'',9,'A',3,0,NULL,NULL,'Modric 19(3), Crouch 33 78(26)','',7,'Team'),(279,'2010-04-21',4,'',13,'A',4,1,NULL,NULL,'Pavlyuchenko 11 24 47(6), Defoe 63(4)','OG(Jean Raphael) 84',7,'Team'),(280,'2010-04-24',4,'',3,'H',3,0,NULL,NULL,'Keane 33 43 79(42)','',7,'Team'),(281,'2010-04-28',4,'',11,'H',2,0,NULL,NULL,'Thomas 51(1), Defoe 87(5)','',7,'Team'),(282,'2010-05-01',4,'',5,'H',0,0,NULL,NULL,'','',7,'Team'),(283,'2010-05-05',4,'',10,'A',1,1,NULL,NULL,'Jean Raphael 32','Cole 86',7,'Team'),(284,'2010-05-08',4,'',14,'A',3,1,NULL,NULL,'Defoe 20 68 81(8)','Piquionne 90',7,'Team'),(285,'2010-02-20',5,'R5',20,'H',1,0,NULL,NULL,'Crouch 99','',7,'Team'),(286,'2010-03-13',5,'QF',12,'H',3,1,NULL,NULL,'Crouch 15, Keane 45 61','Tuncay 21',7,'Team'),(287,'2010-04-11',5,'SF',4,'H',4,1,NULL,NULL,'Keane 24 35, Crouch 61 79','Arshavin 28',7,'Team'),(288,'2010-03-20',4,'',12,'A',2,1,NULL,NULL,'Gudjohnsen 46(1), Kranjcar 77(5)','Etherington 64(PK)',8,'Team'),(289,'2010-03-24',5,'QF(r)',9,'H',3,1,NULL,NULL,'Bentley 47, Pavlyuchenko 60, Gudjohnsen 66','Zamora 17',8,'Team'),(290,'2010-05-22',5,'Final',5,'N',1,0,NULL,NULL,'Modric 90','',7,'Team'),(294,'2010-07-05',9,'',9,'H',5,0,NULL,NULL,'Crouch 19 28 67, Ndabashinze 42 45','',9,'Team'),(295,'2010-07-12',9,'',4,'A',3,1,NULL,NULL,'Defoe 27, Crouch 34 66','Walcott 43',9,'Team'),(296,'2010-07-19',9,'',59,'H',3,0,NULL,NULL,'Ndabashinze 45, Sneijder 67, Huddlestone 89','',9,'Team'),(297,'2010-07-26',9,'',57,'A',5,1,NULL,NULL,'Defoe 38 42 67, Crouch 62, Ndabashinze 90','Gomis 80',9,'Team'),(298,'2010-08-08',7,'',1,'A',2,1,NULL,NULL,'Crouch 17 36','Carrick 19',9,'Team'),(299,'2010-08-14',4,'',10,'H',1,0,NULL,NULL,'Crouch 90(1)','',9,'Team'),(300,'2010-08-21',4,'',8,'H',1,0,NULL,NULL,'Crouch 87(2)','',9,'Team'),(301,'2010-08-28',4,'',9,'A',1,0,NULL,NULL,'Defoe 55(1)','',9,'Team'),(302,'2010-03-27',4,'',14,'H',2,0,NULL,NULL,'Crouch 27(6), Kranjcar 41(6)','',8,'Team'),(303,'2010-04-03',4,'',16,'A',1,3,NULL,NULL,'Crouch 72(7)','Bent 1 29(PK), Zenden 86',8,'Team'),(304,'2010-04-11',5,'SF',14,'H',0,2,NULL,NULL,'','Piquionne 99, Boateng 117(PK)',8,'Team'),(305,'2010-04-14',4,'',4,'H',2,1,NULL,NULL,'Rose 10(1), Bale 47(1)','Bendtner 85',8,'Team'),(306,'2010-04-17',4,'',3,'H',2,1,NULL,NULL,'Defoe 15(PK, 18), Bale 44(2)','Lampard 92',8,'Team'),(307,'2010-04-24',4,'',1,'A',1,3,NULL,NULL,'King 70(2)','Giggs 58(PK) 86(PK), Nani 81',8,'Team'),(308,'2010-05-01',4,'',13,'H',1,0,NULL,NULL,'Huddlestone 38(2)','',8,'Team'),(309,'2010-05-05',4,'',8,'A',1,0,NULL,NULL,'Crouch 82(8)','',8,'Team'),(310,'2010-05-09',4,'',20,'A',2,4,NULL,NULL,'Bale 3(3), Modric 32(3)','Elliott 42, Cork 54, Paterson 71, Thompson 88',8,'Team'),(311,'2010-09-04',4,'',35,'H',4,0,NULL,NULL,'Crouch 27(3), Defoe 34 48 57(4)','',9,'Team'),(312,'2010-09-11',4,'',25,'A',4,0,NULL,NULL,'Crouch 12(4), Defoe 16 47(6), OG(Reyes) 45','',9,'Team'),(313,'2010-09-14',6,'R2',62,'A',4,1,NULL,NULL,'Ndabashinze 16 62, Pavlyuchenko 58 90','Jevons 8',9,'Team'),(314,'2010-09-18',4,'',1,'H',5,0,NULL,NULL,'Crouch 9(5), Defoe 44 56 63 86(10)','',9,'Team'),(315,'2010-09-21',1,'GS#1',31,'H',3,0,NULL,NULL,'Ndabashinze 39, Pavlyuchenko 80, Naughton 90','',9,'Team'),(316,'2010-09-25',4,'',2,'A',4,0,NULL,NULL,'Defoe 11 42 54(13), Modric 51(1)','',9,'Team'),(317,'2010-09-28',1,'GS#2',60,'H',5,0,NULL,NULL,'Huddlestone 6, Pavlyuchenko 21 35, Crouch 52, Ndabashinze 85','',9,'Team'),(318,'2010-10-02',4,'',5,'H',1,2,NULL,NULL,'Crouch 62(6)','Fellaini 3, Rodwell 23',9,'Team'),(319,'2010-10-09',4,'',14,'H',1,1,NULL,NULL,'Crouch 4(7)','Utaka 88',9,'Team'),(320,'2010-10-16',4,'',15,'A',3,0,NULL,NULL,'Crouch 29(8), Defoe 44(14), Bassong 90(1)','',9,'Team'),(321,'2010-10-23',4,'',16,'H',10,0,NULL,NULL,'Kranjcar 8(1), Pavlyuchenko 20 35 38 60 71 73 88 90(8), Huddlestone 81(1)','',9,'Team'),(322,'2010-10-27',1,'GS#3',34,'A',4,0,NULL,NULL,'Crouch 24 35, Palacios 62, Ndabashinze 90','',9,'Team'),(323,'2010-10-30',4,'',20,'A',3,2,NULL,NULL,'Marlos 14(1), Pavlyuchenko 27(9), Crouch 47(9)','Eagles 68, Fletcher 90',9,'Team'),(324,'2010-11-06',4,'',17,'H',4,1,NULL,NULL,'Ndabashinze 19 74(2), Pavlyuchenko 43 61(11)','Altidore 23',9,'Team'),(325,'2010-11-09',1,'GS#4',34,'H',4,0,NULL,NULL,'Defoe 10 25, Pavlyuchenko 14 74','',9,'Team'),(326,'2010-11-13',4,'',4,'A',6,0,NULL,NULL,'Thomas 10(1), Crouch 39 68(11), Defoe 58(15), Modric 81(2), Kranjcar 83(2)','',9,'Team'),(327,'2010-11-20',4,'',11,'H',3,0,NULL,NULL,'Defoe 12 80 86(18)','',9,'Team'),(328,'2010-11-27',4,'',21,'A',3,0,NULL,NULL,'Defoe 7 28(20), Lennon 17(1)','',9,'Team'),(329,'2010-12-01',1,'GS#5',60,'A',5,1,NULL,NULL,'Sneijder 5 55 79, Huddlestone 37, Marlos 76','Pantelic 84',9,'Team'),(330,'2010-12-04',4,'',3,'H',3,2,NULL,NULL,'Crouch 35(12), Defoe 67 77(22)','Essien 4, Drogba 63',9,'Team'),(331,'2010-12-08',1,'GS#6',31,'H',3,1,NULL,NULL,'Ndabashinze 24 60, Sneijder 85(PK)','Jovanovic 45',9,'Team'),(332,'2010-12-11',4,'',13,'A',6,0,NULL,NULL,'Crouch 36 57(14), Modric 38(3), Jenas 44(1), Defoe 49 87(24)','',9,'Team'),(333,'2010-12-18',4,'',6,'H',2,0,NULL,NULL,'Kranjcar 36(3), Ndabashinze 74(3)','',9,'Team'),(334,'2010-12-25',4,'',10,'H',2,0,NULL,NULL,'Pavlyuchenko 87(12), Bentley 90(1)','',9,'Team'),(335,'2011-01-01',4,'',8,'A',1,0,NULL,NULL,'Jenas 6(2)','',9,'Team'),(336,'2011-01-08',5,'R3',63,'A',4,2,NULL,NULL,'Marlos 3, Bostock 14, Rose 33, Edabashinze 75','Murphy 40, Elding 89',9,'Team'),(337,'2011-01-15',4,'',35,'A',3,1,NULL,NULL,'Defoe 28 37(27), Pavlyuchenko 61(13)','A. Johnson 12',9,'Team'),(338,'2011-01-22',4,'',25,'H',6,0,NULL,NULL,'Crouch 14 75(16), Defoe 24 39 54(30), Marlos 86(2)','',9,'Team'),(340,'2010-10-12',6,'R3',10,'A',2,0,NULL,NULL,'Pavlyuchenko 66, Marlos 74','',9,'Team'),(341,'2010-11-02',6,'R4',39,'A',1,0,NULL,NULL,'Sneijder 90','',9,'Team'),(342,'2010-12-21',6,'QF',3,'H',2,0,NULL,NULL,'Defoe 27, Bentley 77','',9,'Team'),(343,'2011-02-05',4,'',2,'H',1,1,NULL,NULL,'Bassong 38(2)','Babel 75',9,'Team'),(344,'2011-02-12',4,'',5,'A',0,0,NULL,NULL,'','',9,'Team'),(345,'2011-02-19',4,'',14,'A',1,0,NULL,NULL,'Crouch 48(17)','',9,'Team'),(347,'2011-03-12',4,'',16,'A',0,2,NULL,NULL,'','Bent 28 90',9,'Team'),(349,'2011-03-26',4,'',17,'A',2,0,NULL,NULL,'Pavlyuchenko 90(15), Jenas 90(3)','',9,'Team'),(350,'2011-04-02',4,'',4,'H',2,1,NULL,NULL,'Ndabashinze 22 23(7)','Walcott 42',9,'Team'),(351,'2011-03-01',1,'R1 Leg1',64,'H',2,0,NULL,NULL,'Huddlestone 24, Modric 66','',9,'Team'),(352,'2011-03-15',1,'R1 Leg2',64,'A',2,0,NULL,NULL,'Pavlyuchenko 24, Sneijder 81','',9,'Team'),(353,'2011-01-11',6,'SF Leg1',1,'H',4,0,NULL,NULL,'Crouch 13, Defoe 28 45 52','',9,'Team'),(354,'2011-01-18',6,'SF Leg2',1,'A',4,1,NULL,NULL,'Ndabashinze 5 7 65, Pavlyuchenko 32','Rooney 74',9,'Team'),(355,'2011-01-08',4,'',9,'H',3,0,NULL,NULL,'Defoe 5(25), Sneijder 43 64(2)','',9,'Team'),(356,'2011-01-29',5,'R4',14,'A',3,0,NULL,NULL,'Crouch 26, OG(Mokoena) 48, Ndabashinze 54','',9,'Team'),(357,'2011-03-06',6,'Final',5,'N',4,0,NULL,NULL,'Crouch 65 80, Pavlyuchenko 86, Jenas 90','',9,'Team'),(358,'2011-01-29',4,'',1,'A',1,0,NULL,NULL,'Modric 81(4)','',9,'Team'),(359,'2011-02-26',5,'R5',65,'A',0,0,6,5,'','',9,'Team'),(360,'2011-02-26',4,'',15,'H',5,1,NULL,NULL,'Defoe 30 42 73(33), Pavlyuchenko 76(14), Sneijder 80(3)','Di Santo 20',9,'Team'),(361,'2011-04-09',4,'',11,'A',1,0,NULL,NULL,'Ndabashinze 72(8)','',9,'Team'),(362,'2011-04-16',4,'',21,'H',4,0,NULL,NULL,'Defoe 7 62(38), Pavlyuchenko 65 74(17)','',9,'Team'),(363,'2011-04-23',4,'',3,'A',3,1,NULL,NULL,'Ndabashinze 16(9), Huddlestone 75(2), Pavlyuchenko 89(18)','J. Cole 38',9,'Team'),(364,'2011-04-30',4,'',13,'H',5,0,NULL,NULL,'Ndabashinze 8 54(11), Pavlyuchenko 25(19), Naughton 60(1), Bale 72(1)','',9,'Team'),(365,'2011-05-07',4,'',6,'A',6,0,NULL,NULL,'Ndabashinze 20 45 66 80(15), Marlos 43(3), Jean Raphael 73(1)','',9,'Team'),(366,'2008-08-10',9,'',45,'H',1,0,NULL,NULL,'Barry 30','',11,'Nation'),(367,'2008-09-06',12,'Stage 1, #1',23,'A',4,0,NULL,NULL,'Heskey 6(1), Rooney 37(1), Gerrard 45(1), Barry 51(1)','',11,'Nation'),(368,'2008-09-10',12,'Stage 1, #2',62,'A',0,2,NULL,NULL,'','Modric 42, Kranjcar 58',11,'Nation'),(369,'2008-10-11',12,'Stage 1, #3',101,'H',2,0,NULL,NULL,'Crouch 19(1), Rooney 48(2)','',11,'Nation'),(370,'2008-10-15',12,'Stage 1, #4',34,'A',5,1,NULL,NULL,'Barry 14(2), Crouch 22(2), Lampard 58(PK, 1), Rooney 69 72(4)','Kutuzov 79',11,'Nation'),(371,'2009-04-01',12,'Stage 1, #5',92,'H',0,0,NULL,NULL,'','',11,'Nation'),(372,'2009-06-06',12,'Stage 1, #6',101,'A',3,0,NULL,NULL,'Crouch 33(3), Young 80(1), Rooney 90(5)','',11,'Nation'),(373,'2009-06-10',12,'Stage 1, #7',23,'H',8,0,NULL,NULL,'Rooney 2 16 40 45(9), Lampard 14(2), Agbonlahor 38(1), Terry 43(1), Barry 87(3)','',11,'Nation'),(374,'2009-09-09',12,'Stage 1, #8',62,'H',1,1,NULL,NULL,'Rooney 60(10)','Olic 11',11,'Nation'),(375,'2009-10-14',12,'Stage 1, #10',34,'H',2,0,NULL,NULL,'Rooney 50(11), Gerrard 88(2)','',11,'Nation'),(376,'2009-10-10',12,'Stage 1, #9',92,'A',3,0,NULL,NULL,'Crouch 36 63 78(6)','',11,'Nation'),(377,'2008-09-14',9,'',59,'A',0,1,NULL,NULL,'','Gekas 45',11,'Nation'),(378,'2011-03-19',5,'QF',17,'A',4,1,NULL,NULL,'Modric 7, Crouch 12, Corluka 42, Sneijder 90','Altidore 79',9,'Team'),(379,'2011-03-19',4,'',20,'H',6,0,NULL,NULL,'Defoe 34 45 48(36), Thomas 53(2), Ndabashinze 77 86(5)','',9,'Team'),(380,'2008-11-19',9,'',7,'A',0,0,NULL,NULL,'','',11,'Nation'),(381,'2009-02-11',9,'',22,'A',2,0,NULL,NULL,'Barry 45, Rooney 90','',11,'Nation'),(383,'2009-03-28',9,'',13,'H',5,4,NULL,NULL,'Terry 41, Young 50, Crouch 58 83, Huddlestone 90','B. Riise 17, Carew 21, Huseklepp 36 45',11,'Nation'),(384,'2011-03-29',1,'QF Leg1',55,'H',2,1,NULL,NULL,'Defoe 22 33','OG(Woodgate)',9,'Team'),(385,'2011-04-05',1,'QF Leg2',55,'A',1,0,NULL,NULL,'Crouch 9','',9,'Team'),(386,'2011-04-10',5,'SF',9,'H',6,1,NULL,NULL,'Bassong 16, Defoe 26(PK) 69 80, Modric 44, Crouch 65','A. Johnson 6',9,'Team'),(387,'2009-08-12',9,'',11,'A',4,1,NULL,NULL,'Crouch 16, Rooney 18 80, Lampard 87','Robben 71',11,'Nation'),(388,'2009-09-05',9,'',42,'H',4,0,NULL,NULL,'Defoe 36, Barry 62, Lampard 82 85','',11,'Nation'),(389,'2011-04-26',1,'SF Leg1',57,'A',2,1,NULL,NULL,'Jenas 17, Defoe 91','Bodmer 90',9,'Team'),(390,'2011-05-10',1,'SF Leg2',57,'H',3,0,NULL,NULL,'Crouch 28, Lennon 47, Defoe 71','',9,'Team'),(391,'2011-05-21',5,'Final',5,'N',2,0,NULL,NULL,'Ndabashinze 4 42','',9,'Team'),(392,'2010-03-03',9,'',62,'A',2,0,NULL,NULL,'Lampard 31(PK) 35','',11,'Nation'),(393,'2010-06-12',13,'Group #1',9,'N',2,0,NULL,NULL,'Lampard 61(1), Gerrard 65(1)','',11,'Nation'),(394,'2010-06-17',13,'Group #2',56,'N',4,0,NULL,NULL,'Crouch 49 75(2), Rooney 57 70(2)','',11,'Nation'),(395,'2010-06-22',13,'Group #3',93,'N',4,1,NULL,NULL,'Lampard 22(2), Rooney 30 36 83(5)','Altidore 73',11,'Nation'),(396,'2011-05-25',1,'Final',61,'N',2,0,NULL,NULL,'Crouch 22 76','',9,'Team'),(397,'2010-06-27',13,'Round of 16',39,'N',6,0,NULL,NULL,'Rooney 3 19 59 62(9), Crouch 31 45(4)','',11,'Nation'),(398,'2010-07-03',13,'Quarterfinal',22,'N',4,0,NULL,NULL,'Rooney 3 18 45 75(13)','',11,'Nation'),(399,'2010-07-07',13,'Semifinal',37,'N',1,0,NULL,NULL,'Crouch 97(5)','',11,'Nation'),(400,'2010-07-11',13,'Final',27,'N',2,0,NULL,NULL,'Rooney 109(14), Lampard 113(PK, 3)','',11,'Nation'),(401,'2010-08-16',4,'',21,'H',3,0,NULL,NULL,'Berbatov 33(1), Fletcher 41(1), Giggs 85(1)','',14,'Team'),(402,'2010-08-22',4,'',9,'A',2,2,NULL,NULL,'Scholes 11(1), OG(Hangeland) 84','Davies 57, Hangeland 89',14,'Team'),(403,'2010-08-28',4,'',10,'H',3,0,NULL,NULL,'Rooney 33(PK, 1), Nani 50(1), Berbatov 69(2)','',14,'Team'),(404,'2010-09-11',4,'',5,'A',3,3,NULL,NULL,'Fletcher 42(2), Vidic 47(1), Berbatov 65(3)	  ','Pienaar 38, Cahill 90, Arteta 92',14,'Team'),(405,'2010-09-19',4,'',2,'H',3,2,NULL,NULL,'Berbatov 42 59 84(6)','Gerrard 64(PK) 70',14,'Team'),(406,'2010-09-26',4,'',13,'A',2,2,NULL,NULL,'Nani 23(2), Owen 74(1)','Knight 6, Petrov 67',14,'Team'),(407,'2010-10-02',4,'',16,'A',0,0,NULL,NULL,'','',14,'Team'),(408,'2010-10-16',4,'',25,'H',2,2,NULL,NULL,'Hernandez 5(1), Nani 25(3)','OG(Evra) 50, Tchoyi 55',14,'Team'),(409,'2010-10-24',4,'',12,'A',2,1,NULL,NULL,'Hernandez 27 86(3)','Sanli 81',14,'Team'),(410,'2010-10-30',4,'',7,'H',2,0,NULL,NULL,'Vidic 30(2), Nani 84(4)','',14,'Team'),(411,'2010-11-06',4,'',18,'H',2,1,NULL,NULL,'Park 44 92(2)','Ebanks-Blake 66',14,'Team'),(412,'2010-11-10',4,'',8,'A',0,0,NULL,NULL,'','',14,'Team'),(413,'2010-11-13',4,'',6,'A',2,2,NULL,NULL,'Macheda 81(1), Vidic 85(3)','A. Young 72(PK), Albrighton 76',14,'Team'),(414,'2010-11-20',4,'',11,'H',2,0,NULL,NULL,'Evra 45(1), Hernandez 77(4)','',14,'Team'),(415,'2010-11-27',4,'',15,'H',7,1,NULL,NULL,'Berbatov 2 27 47 62 70(11), Park 23(3), Nani 48(5)','Samba 83',14,'Team'),(416,'2011-01-25',4,'',67,'A',3,2,NULL,NULL,'Berbatov 72 88(19), Hernandez 74(7)','Cathcart 15, Campbell 43',14,'Team'),(417,'2010-12-13',4,'',4,'H',1,0,NULL,NULL,'Park 41(4)','',14,'Team'),(419,'2010-12-26',4,'',16,'H',2,0,NULL,NULL,'Berbatov 5 57(13)','',14,'Team'),(420,'2010-12-28',4,'',19,'A',1,1,NULL,NULL,'Berbatov 58(14)','Bowyer 89',14,'Team'),(421,'2011-01-01',4,'',25,'A',2,1,NULL,NULL,'Rooney 3(2), Hernandez 75(5)','Morrison 14',14,'Team'),(422,'2011-01-04',4,'',12,'H',2,1,NULL,NULL,'Hernandez 26(6), Nani 62(6)','Whitehead 50',14,'Team'),(423,'2011-01-15',4,'',7,'A',0,0,NULL,NULL,'','',14,'Team'),(424,'2011-01-22',4,'',19,'H',5,0,NULL,NULL,'Berbatov 2 31 53(17), Giggs 45(2), Nani 76(7)','',14,'Team'),(425,'2011-02-01',4,'',6,'H',3,1,NULL,NULL,'Rooney 1 45(4), Vidic 62(4)','Bent 57',14,'Team'),(426,'2011-02-05',4,'',18,'A',1,2,NULL,NULL,'Nani 3(8)','Elokobi 10, Doyle 40',14,'Team'),(427,'2011-02-12',4,'',8,'H',2,1,NULL,NULL,'Nani 41(9), Rooney 78(5)','Silva 65',14,'Team'),(428,'2011-02-26',4,'',11,'A',4,0,NULL,NULL,'Hernandez 18 75(9), Rooney 83(6), Fabio 87(1)','',14,'Team'),(429,'2011-03-05',4,'',2,'A',1,3,NULL,NULL,'Hernandez 91(10)','Kuyt 33 38 64',14,'Team'),(430,'2011-03-19',4,'',13,'H',1,0,NULL,NULL,'Berbatov 87(20)','',14,'Team'),(431,'2011-04-02',4,'',10,'A',NULL,NULL,NULL,NULL,'','',14,'Team'),(432,'2011-04-09',4,'',9,'H',NULL,NULL,NULL,NULL,'','',14,'Team'),(433,'2011-04-19',4,'?',21,'A',NULL,NULL,NULL,NULL,'','',14,'Team'),(434,'2011-04-23',4,'',5,'H',NULL,NULL,NULL,NULL,'','',14,'Team'),(435,'2011-05-01',4,'',4,'A',NULL,NULL,NULL,NULL,'','',14,'Team'),(436,'2011-05-07',4,'',3,'H',NULL,NULL,NULL,NULL,'','',14,'Team'),(437,'2011-05-14',4,'',15,'A',NULL,NULL,NULL,NULL,'','',14,'Team'),(438,'2011-05-22',4,'',67,'H',NULL,NULL,NULL,NULL,'','',14,'Team'),(439,'2008-02-06',12,'Stage 3, #1',102,'H',2,0,NULL,NULL,'本田 20(1), 玉田 43(1)','',13,'Nation'),(440,'2008-03-26',12,'Stage 3, #2',104,'A',3,1,NULL,NULL,'玉田 24 55 61(4)','Al Zeno 26',13,'Nation'),(441,'2008-06-02',12,'Stage 3, #3',103,'H',5,0,NULL,NULL,'本田 21 34 59(4), 玉田 39(5), 遠藤 90(1)','',13,'Nation'),(442,'2008-06-07',12,'Stage 3, #4',103,'A',0,2,NULL,NULL,'','Al Mutairi 18, Matar 75',13,'Nation'),(443,'2008-06-14',12,'Stage 3, #5',102,'A',3,0,NULL,NULL,'玉田 45 55(7), 中村憲 90(1)','',13,'Nation'),(444,'2008-06-22',12,'Stage 3, #6',104,'H',6,0,NULL,NULL,'大久保 45 54 60(3), 高原 64 75 90(3)','',13,'Nation'),(445,'2007-11-21',9,'',53,'A',4,2,NULL,NULL,'玉田 42 62 90, 大久保 72','Eremenko 23, Litmanen 45',13,'Nation'),(446,'2008-01-26',9,'',10,'H',1,1,NULL,NULL,'玉田 5','O.B. Seok 69',13,'Nation'),(447,'2008-02-20',9,'',105,'A',2,3,NULL,NULL,'玉田 29, 中村憲 90(PK)','A. Karimi 77 84 91',13,'Nation'),(448,'2008-05-24',9,'',29,'H',1,1,NULL,NULL,'玉田 60','McDonald 89',13,'Nation'),(449,'2008-05-28',9,'',111,'H',2,0,NULL,NULL,'玉田 58, 阿部 88','',13,'Nation'),(450,'2008-08-20',9,'',42,'A',1,3,NULL,NULL,'大久保 63','F. Garcia 18 31 68',13,'Nation'),(451,'2008-09-06',12,'Stage 4, #1',103,'A',1,2,NULL,NULL,'高原 53(4)','Ajab 22(PK), Jumah 51',13,'Nation'),(452,'2008-09-10',12,'Stage 4, #2',108,'H',2,1,NULL,NULL,'玉田 18(8), 松井 45(1)','Okwunwanne 56',13,'Nation'),(453,'2008-10-15',12,'Stage 4, #3',29,'A',3,3,NULL,NULL,'玉田 8 11(10), 中村憲 80(2)','Kennedy 33 50, Wilkshire 55',13,'Nation'),(454,'2009-02-11',12,'Stage 4, #4',113,'H',2,0,NULL,NULL,'玉田 69 72(12)','',13,'Nation'),(455,'2009-03-28',12,'Stage 4, #5',103,'H',1,1,NULL,NULL,'中村俊 74(1)','Ajab 67',13,'Nation'),(456,'2009-04-01',12,'Stage 4, #6',108,'A',3,0,NULL,NULL,'玉田 25(13), 大久保 38 48(5)','',13,'Nation'),(457,'2009-06-06',12,'Stage 4, #7',29,'H',3,1,NULL,NULL,'中村俊 11(2), 長谷部 49(1), 本田 79(5)','McDonald 76',13,'Nation'),(458,'2009-06-17',12,'Stage 4, #8',113,'A',1,0,NULL,NULL,'本田 21(6)','',13,'Nation'),(459,'2008-11-13',9,'',84,'A',0,1,NULL,NULL,'','Ibrahimovic 7',13,'Nation'),(460,'2008-11-19',9,'',14,'A',0,0,NULL,NULL,'','',13,'Nation'),(461,'2009-02-04',9,'',82,'H',1,2,NULL,NULL,'松井 45','Kerzhakov 30 50',13,'Nation'),(462,'2009-05-01',9,'',40,'H',0,0,NULL,NULL,'','',13,'Nation'),(463,'2009-06-10',9,'',59,'A',0,1,NULL,NULL,'','Gekas 17',13,'Nation'),(464,'2009-08-12',9,'',91,'A',1,2,NULL,NULL,'中村俊 19','Jamaa 33 60',13,'Nation'),(465,'2010-03-03',9,'',114,'H',0,1,NULL,NULL,'','Maiga 9',13,'Nation'),(466,'2010-06-16',13,'Group S. #1',2,'N',0,0,NULL,NULL,'','',13,'Nation'),(467,'2010-06-21',13,'Group S. #2',59,'N',1,4,NULL,NULL,'遠藤 76(PK) ','Gekas 53 67(PK) 73, Seitaridis 62',13,'Nation'),(468,'2010-06-25',13,'Group S. #3',5,'N',1,2,NULL,NULL,'玉田 12','Mendez 27, Benitez 54',13,'Nation'),(469,'2011-07-04',9,'',15,'H',1,1,NULL,NULL,'Crouch 16','Di Santo 70',12,'Team'),(470,'2011-07-11',9,'',6,'A',2,2,NULL,NULL,'Defoe 8, Crouch 49','Milner 59 76',12,'Team'),(471,'2011-07-18',9,'',68,'H',0,0,NULL,NULL,'','',12,'Team'),(472,'2011-07-25',9,'',66,'A',5,0,NULL,NULL,'Pavlyuchenko 23 53 70, Crouch 31 47','',12,'Team'),(473,'2011-08-07',7,'',2,'N',2,1,NULL,NULL,'Defoe 37, Jenas 41','Kuyt 65',12,'Team'),(474,'2011-08-13',4,'',12,'H',4,4,NULL,NULL,'Defoe 20 23 69(3), Modric 56(1)','Etherington 6 41 83, Whitehead 71',12,'Team'),(475,'2011-08-19',3,'',69,'N',1,0,NULL,NULL,'Crouch 15','',12,'Team'),(476,'2011-08-27',4,'',6,'A',0,2,NULL,NULL,'','A. Young 33, Agbonlahor 90',12,'Team'),(477,'2011-09-03',4,'',10,'H',1,2,NULL,NULL,'Jenas 68(1)','Ashton 26, Jimenez 60',12,'Team'),(478,'2011-09-10',4,'',19,'A',0,4,NULL,NULL,'','',12,'Team'),(479,'2011-09-13',6,'',63,'H',NULL,NULL,NULL,NULL,'','',12,'Team'),(480,'2011-09-17',4,'',18,'A',NULL,NULL,NULL,NULL,'','',12,'Team'),(481,'2011-09-20',1,'GL #1',71,'H',NULL,NULL,NULL,NULL,'','',12,'Team'),(482,'2011-09-24',4,'',3,'H',NULL,NULL,NULL,NULL,'','',12,'Team'),(483,'2011-09-27',1,'GL #2',70,'A',NULL,NULL,NULL,NULL,'','',12,'Team'),(484,'2011-10-01',4,'',9,'H',NULL,NULL,NULL,NULL,'','',12,'Team'),(485,'2011-10-08',4,'',16,'A',NULL,NULL,NULL,NULL,'','',12,'Team'),(486,'2011-10-15',4,'',15,'H',NULL,NULL,NULL,NULL,'','',12,'Team'),(487,'2011-10-22',4,'',17,'A',NULL,NULL,NULL,NULL,'','',12,'Team'),(488,'2011-10-26',1,'GL #3',72,'H',NULL,NULL,NULL,NULL,'','',12,'Team'),(489,'2011-10-29',4,'',25,'H',NULL,NULL,NULL,NULL,'','',12,'Team'),(490,'2011-11-01',1,'GL #4',71,'A',NULL,NULL,NULL,NULL,'','',12,'Team'),(491,'2011-11-05',4,'',8,'H',NULL,NULL,NULL,NULL,'','',12,'Team'),(492,'2011-11-12',4,'',5,'A',NULL,NULL,NULL,NULL,'','',12,'Team'),(493,'2011-11-19',4,'',1,'H',NULL,NULL,NULL,NULL,'','',12,'Team'),(494,'2010-08-08',7,'',3,'N',3,1,NULL,NULL,'Valencia 41, Hernandez 76, Berbatov 92','Kalou 83',14,'Team'),(495,'2010-09-14',1,'GL #1/6',73,'H',0,0,NULL,NULL,'','',14,'Team'),(496,'2010-09-22',6,'R3',74,'A',5,2,NULL,NULL,'Gibson 23, Smalling 35, Owen 48 70, Park 53','Wright 18, Woolford 90',14,'Team'),(497,'2010-09-29',1,'GL #2/6',75,'A',1,0,NULL,NULL,'Hernandez 85','',14,'Team'),(498,'2010-10-20',1,'GL #3/6',76,'H',1,0,NULL,NULL,'Nani 7','',14,'Team'),(499,'2010-11-02',1,'GL #4/6',76,'A',3,0,NULL,NULL,'Fletcher 48, Obertan 73, Bebe 77','',14,'Team'),(500,'2010-11-24',1,'GL #5/6',73,'A',1,0,NULL,NULL,'Rooney 87(PK)','',14,'Team'),(501,'2010-12-07',1,'GL #6/6',75,'H',1,1,NULL,NULL,'Anderson 62','Hernandez 32',14,'Team'),(502,'2010-08-14',4,'',8,'H',0,0,NULL,NULL,'','',15,'Team'),(503,'2010-08-17',1,'Qualifying',77,'A',2,3,NULL,NULL,'Bassong 42, Pavlyuchenko 83','Lulic 4, Bienvenu 13, Hochstrasser 28',15,'Team'),(504,'2010-08-21',4,'',12,'A',2,1,NULL,NULL,'Bale 19 30(2)','Fuller 25',15,'Team'),(505,'2010-08-25',1,'Qualifying',77,'H',4,0,NULL,NULL,'Crouch 5 61 78(PK), Pavlyuchenko 63','',15,'Team'),(506,'2010-08-28',4,'',11,'H',0,1,NULL,NULL,'','Rodallega 80',15,'Team'),(507,'2010-09-11',4,'',25,'A',1,1,NULL,NULL,'Modric 27(1)','Brunt 41',15,'Team'),(508,'2010-09-14',1,'GL #1/6',78,'A',2,2,NULL,NULL,'OG(Pasanen) 12, Crouch 18','Almeida 43, Marin 47',15,'Team'),(509,'2010-09-18',4,'',18,'H',3,1,NULL,NULL,'Van der Vaart 77(PK,1), Pavlyuchenko 87(1), Hutton 91(1)','Fletcher 45',15,'Team'),(510,'2010-09-21',6,'R3',4,'H',1,4,NULL,NULL,'Keane 49','Lansbury 15, Nasri 92(PK) 96(PK), Arshavin 105',15,'Team'),(511,'2010-09-25',4,'',10,'A',0,1,NULL,NULL,'','Piquionne 29',15,'Team'),(512,'2010-09-29',1,'GL #2/6',72,'H',4,1,NULL,NULL,'Van der Vaart 47, Pavlyuchenko 50(PK) 64(PK), Bale 85','Chadli 56',15,'Team'),(513,'2010-10-02',4,'',6,'H',2,1,NULL,NULL,'Van der Vaart 45 75(3)','Albrighton 16',15,'Team'),(514,'2010-10-16',4,'',9,'A',2,1,NULL,NULL,'Pavlyuchenko 31(2), Huddlestone 63(1)','Kamara 30',15,'Team'),(515,'2010-10-20',1,'GL #3/6',56,'A',3,4,NULL,NULL,'Bale 52 90 91','Zanetti 2, Eto\'o 11(PK) 35, Stankovic 14',15,'Team'),(516,'2010-10-23',4,'',5,'H',1,1,NULL,NULL,'Van der Vaart 20(4)','Baines 17',15,'Team'),(517,'2010-10-30',4,'',1,'A',0,2,NULL,NULL,'','Vidic 30, Nani 84',15,'Team'),(518,'2010-11-02',1,'GL #4/6',56,'H',3,1,NULL,NULL,'Van der Vaart 18, Crouch 61, Pavlyuchenko 89','Eto\'o 80',15,'Team'),(519,'2010-11-06',4,'',13,'A',2,4,NULL,NULL,'Hutton 79(2), Pavlyuchenko 87(2)','Davies 31 76(PK), Steinsson 56, Petrov 94',15,'Team'),(520,'2010-11-09',4,'',16,'H',1,1,NULL,NULL,'Van der Vaart 64(5)','Gyan 67',15,'Team'),(521,'2010-11-13',4,'',15,'H',4,2,NULL,NULL,'Bale 16 75(4), Pavlyuchenko 42(3), Crouch 69(1)','Nelsen 80, Givet 90',15,'Team'),(522,'2010-11-20',4,'',4,'A',3,2,NULL,NULL,'Bale 50(5), Van der Vaart 67(PK, 6), Kaboul 85(1)','Nasri 9, Chamakh 27',15,'Team'),(523,'2010-11-24',1,'GL #5/6',78,'H',3,0,NULL,NULL,'Kaboul 6, Modric 45, Crouch 79','',15,'Team'),(524,'2010-11-28',4,'',2,'H',2,1,NULL,NULL,'OG(Skrtel) 65, Lennon 92(1)','Skrtel 42',15,'Team'),(525,'2010-12-04',4,'',19,'A',1,1,NULL,NULL,'Bassong 18(1)','Gardner 81',15,'Team'),(526,'2010-12-07',1,'GL #6/6',72,'A',3,3,NULL,NULL,'OG(Wisgerhof) 12, Defoe 47 60','Landzaat 22(PK), Rosales 56, Chadli 64',15,'Team'),(527,'2010-12-12',4,'',3,'H',1,1,NULL,NULL,'Pavlyuchenko 15(4)','Drogba 70',15,'Team'),(529,'2010-12-26',4,'',6,'A',2,1,NULL,NULL,'Van der Vaart 23 67(8)','Albrighton 82',15,'Team'),(530,'2010-12-28',4,'',21,'H',2,0,NULL,NULL,'Lennon 57(2), Bale 81(6)','',15,'Team'),(531,'2011-01-01',4,'',9,'H',1,0,NULL,NULL,'Bale 42(7)','',15,'Team'),(532,'2011-01-05',4,'',5,'A',1,2,NULL,NULL,'Van der Vaart 11(9)','Saha 3, Coleman 75',15,'Team'),(533,'2011-01-16',4,'',1,'H',0,0,NULL,NULL,'','',15,'Team'),(534,'2011-01-22',4,'',21,'A',1,1,NULL,NULL,'Lennon 91(3)','Coloccini 59',15,'Team'),(535,'2011-02-02',4,'',15,'A',1,0,NULL,NULL,'Crouch 3(2)','',15,'Team'),(536,'2011-02-05',4,'',13,'H',2,1,NULL,NULL,'Van der Vaart 6(PK, 10), Kranjcar 92(1)','Sturridge 55',15,'Team'),(537,'2011-02-12',4,'',16,'A',2,1,NULL,NULL,'Dawson 44(1), Kranjcar 57(2)','Gyan 11',15,'Team'),(538,'2011-04-20',4,'',4,'H',NULL,NULL,NULL,NULL,'','',15,'Team'),(539,'2011-03-06',4,'',18,'A',3,3,NULL,NULL,'Defoe 30 35(2), Pavlyuchenko 48(6)','Doyle 20 40(PK), Fletcher 87',15,'Team'),(540,'2011-03-19',4,'',10,'H',0,0,NULL,NULL,'','',15,'Team'),(541,'2011-04-02',4,'',11,'A',NULL,NULL,NULL,NULL,'','',15,'Team'),(542,'2011-04-09',4,'',12,'H',NULL,NULL,NULL,NULL,'','',15,'Team'),(543,'2011-04-17',4,'',8,'A',NULL,NULL,NULL,NULL,'','',15,'Team'),(544,'2011-04-23',4,'',25,'H',NULL,NULL,NULL,NULL,'','',15,'Team'),(545,'2011-04-30',4,'',3,'A',NULL,NULL,NULL,NULL,'','',15,'Team'),(546,'2011-05-07',4,'',67,'H',NULL,NULL,NULL,NULL,'','',15,'Team'),(547,'2011-05-15',4,'',2,'A',NULL,NULL,NULL,NULL,'','',15,'Team'),(548,'2011-05-22',4,'',19,'H',NULL,NULL,NULL,NULL,'','',15,'Team'),(549,'2010-07-17',9,'',79,'H',1,0,NULL,NULL,'Hernandez 57','',-16,'Team'),(550,'2010-07-24',9,'',80,'A',4,2,NULL,NULL,'Rooney 50 71, Berbatov 77, Scholes 90','Cardozo 7, Salvio 53',-16,'Team'),(551,'2010-07-31',9,'',81,'H',3,1,NULL,NULL,'Evans 45, Rooney 88 90','Vujadinovic 13',-16,'Team'),(552,'2010-08-08',7,'',3,'N',0,1,NULL,NULL,'','Malouda 57',-16,'Team'),(553,'2010-08-15',4,'',5,'A',0,1,NULL,NULL,'','Arteta 70',-16,'Team'),(554,'2010-08-22',4,'',3,'H',0,3,NULL,NULL,'','Drogba 21, Aneraka 57, Ramirez 77',-16,'Team'),(555,'2010-08-28',4,'',13,'A',3,1,NULL,NULL,'Rooney 8 45 71(3)','Cohen 69',-16,'Team'),(556,'2010-08-31',6,'R2',35,'H',2,0,NULL,NULL,'Owen 103 105','',-16,'Team'),(557,'2010-09-04',4,'',15,'H',0,0,NULL,NULL,'','',-16,'Team'),(558,'2010-09-12',4,'',6,'A',0,0,NULL,NULL,'','',-16,'Team'),(559,'2010-09-18',4,'',67,'H',1,1,NULL,NULL,'Hernandez 88(1)','Varney',-16,'Team'),(560,'2010-09-26',4,'',11,'A',NULL,NULL,NULL,NULL,'','',-16,'Team'),(561,'2010-10-03',4,'',12,'H',NULL,NULL,NULL,NULL,'','',-16,'Team'),(562,'2010-10-10',4,'',9,'A',NULL,NULL,NULL,NULL,'','',-16,'Team'),(563,'2010-10-23',4,'',18,'H',NULL,NULL,NULL,NULL,'','',-16,'Team'),(564,'2010-10-31',4,'',25,'A',NULL,NULL,NULL,NULL,'','',-16,'Team'),(565,'2010-11-07',4,'',16,'H',NULL,NULL,NULL,NULL,'','',-16,'Team'),(566,'2010-11-13',4,'',19,'A',NULL,NULL,NULL,NULL,'','',-16,'Team'),(567,'2010-11-21',4,'',10,'H',NULL,NULL,NULL,NULL,'','',-16,'Team'),(568,'2010-11-27',4,'',7,'A',NULL,NULL,NULL,NULL,'','',-16,'Team'),(569,'2010-09-21',6,'R3',21,'H',NULL,NULL,NULL,NULL,'','',-16,'Team'),(570,'2010-07-17',9,'',34,'H',1,1,NULL,NULL,'Crouch 57','Alberto Perea 87',17,'Team'),(571,'2010-07-24',9,'',83,'A',4,0,NULL,NULL,'Palacios 44, Modric 45, Huddlestone 67, Van Der Vaart 88','',17,'Team'),(572,'2010-07-31',9,'',82,'H',3,0,NULL,NULL,'Lennon 57, Dos Santos 58, O\'Hara 63','',17,'Team'),(573,'2010-08-15',4,'',16,'H',1,0,NULL,NULL,'Huddlestone 57(1)','',17,'Team'),(574,'2010-08-22',4,'',19,'A',1,1,NULL,NULL,'Crouch 11(1)','R. Johnson 59',17,'Team'),(575,'2010-08-26',4,'',10,'H',3,0,NULL,NULL,'Huddlestone 21 71(3), Defoe 90(1)','',17,'Team'),(576,'2010-09-04',4,'',4,'A',1,1,NULL,NULL,'Crouch 58(2)','Nasri 80',17,'Team'),(577,'2010-09-11',4,'',21,'A',1,0,NULL,NULL,'King 7(1)','',17,'Team'),(578,'2010-09-18',4,'',1,'H',0,1,NULL,NULL,'','Fletcher 65',17,'Team'),(579,'2010-09-26',4,'',8,'A',0,2,NULL,NULL,'','Kolarov 35, Tevez 39(PK)',17,'Team'),(580,'2010-10-02',4,'',2,'H',0,0,NULL,NULL,'','',17,'Team'),(581,'2010-10-17',4,'',5,'A',2,0,NULL,NULL,'Crouch 14(3), Modric 72(1)','',17,'Team'),(582,'2010-10-24',4,'',3,'H',1,2,NULL,NULL,'Defoe 90(2)','Drogba 45, Malouda 53',17,'Team'),(583,'2010-10-30',4,'',13,'A',3,0,NULL,NULL,'Van der Vaart 9(1), Modric 10(2), Crouch 13(4)','',17,'Team'),(584,'2010-11-06',4,'',15,'H',2,0,NULL,NULL,'Defoe 10(3), Crouch 31(5)','',17,'Team'),(585,'2010-11-13',4,'',6,'A',1,0,NULL,NULL,'Crouch 72(6)','',17,'Team'),(586,'2010-11-20',4,'',67,'H',3,1,NULL,NULL,'Palacios 57(1), Huddlestone 74(4), Crouch 89(7)','Varney 80',17,'Team'),(587,'2010-11-27',4,'',11,'A',1,1,NULL,NULL,'Van der Vaart 45(2)','OG(King) 51',17,'Team'),(588,'2010-08-31',6,'R2',84,'A',3,0,NULL,NULL,'Huddlestone 14, Keane 88, Palacios 90','',17,'Team'),(589,'2010-09-21',6,'R3',10,'H',0,0,5,3,'','',17,'Team'),(590,'2010-10-19',6,'R4',1,'A',0,3,NULL,NULL,'','OG(Huddlestone) 23, Rooney 77 87',17,'Team'),(591,'2010-12-04',4,'',12,'H',2,1,NULL,NULL,'Lennon 5(1), Defoe 24(4)','Gudjohnsen 57',17,'Team'),(592,'2010-12-12',4,'',9,'A',1,0,NULL,NULL,'Defoe 73(5)','',17,'Team'),(593,'2010-12-18',4,'',18,'H',0,1,NULL,NULL,'','Kightly 8',17,'Team'),(594,'2010-12-26',4,'',25,'A',2,1,NULL,NULL,'OG(Tamas) 56, Defoe 58(6)','Miller 66',17,'Team'),(595,'2011-01-02',4,'',10,'A',0,0,NULL,NULL,'','',17,'Team'),(596,'2011-04-25',4,'',4,'H',1,0,NULL,NULL,'Defoe 65(16)','',17,'Team'),(597,'2011-04-21',4,'',21,'H',2,0,NULL,NULL,'Keane 11(1), Bale 90(2)','',17,'Team'),(598,'2011-01-30',4,'',1,'A',2,1,NULL,NULL,'Dawson 9(1), Crouch 90(8)','Berbatov 55',17,'Team'),(599,'2011-01-27',4,'',8,'H',1,0,NULL,NULL,'Defoe 80(7)','',17,'Team'),(600,'2011-02-12',4,'',2,'A',1,0,NULL,NULL,'Crouch 4(9)','',17,'Team'),(601,'2011-02-19',4,'',5,'H',1,0,NULL,NULL,'Modric 16(3)','',17,'Team'),(602,'2011-02-26',4,'',3,'A',0,1,NULL,NULL,'','Lanpard 77',17,'Team'),(603,'2011-01-08',5,'R3',84,'A',6,0,NULL,NULL,'Defoe 42 51 63, Sandro 45, Dos Santos 76 88','',17,'Team'),(604,'2011-03-05',4,'',13,'H',1,0,NULL,NULL,'Huddlestone 82(5)','',17,'Team'),(605,'2011-03-13',4,'',15,'A',0,1,NULL,NULL,'','Mwaruwari 90',17,'Team'),(606,'2011-03-20',4,'',6,'H',1,0,NULL,NULL,'Defoe 17(8)','',17,'Team'),(607,'2011-03-27',4,'',67,'A',5,0,NULL,NULL,'Modric 27(4), Pavlyuchenko 33(1), Defoe 45 55 75(11)','',17,'Team'),(608,'2011-01-22',5,'R4',85,'A',2,0,NULL,NULL,'Crouch 6, Van der Vaart 90','',17,'Team'),(609,'2011-02-05',5,'R5',1,'A',1,1,NULL,NULL,'Lennon 15','Scholes 48',17,'Team'),(610,'2011-02-08',5,'R5(r)',1,'H',0,1,NULL,NULL,'','Owen 79',17,'Team'),(611,'2011-04-03',4,'',11,'H',2,0,NULL,NULL,'Defoe 52 61(13)','',17,'Team'),(612,'2011-04-09',4,'',12,'A',2,0,NULL,NULL,'Defoe 60(14), Bale 66(1)','',17,'Team'),(613,'2011-04-17',4,'',9,'H',1,0,NULL,NULL,'Defoe 39(15)','',17,'Team'),(614,'2011-04-30',4,'',18,'A',2,1,NULL,NULL,'Modric 56(PK, 5), Defoe 64(17)','D. Jones 79',17,'Team'),(615,'2011-05-07',4,'',25,'H',2,0,NULL,NULL,'Modric 8(6), Lennon 57(2)','',17,'Team'),(616,'2011-05-15',4,'',16,'A',2,0,NULL,NULL,'Bale 22(3), Dos Santos 90(1)','',17,'Team'),(617,'2011-05-22',4,'',19,'H',2,1,NULL,NULL,'Gallas 21(1), Defoe 90(18)','Jerome 30',17,'Team'),(618,'2010-10-26',6,'R4',18,'H',3,2,NULL,NULL,'Bebe 56, Park 70, Hernandez 90','Elokobi 60, Foley 76',14,'Team'),(619,'2011-07-16',9,'',86,'H',5,1,NULL,NULL,'Van der Vaart 20 31, Rose 34 84, Defoe 63','OG(Naughton) 80',18,'Team'),(620,'2011-07-23',9,'',87,'A',0,0,NULL,NULL,'','',18,'Team'),(621,'2011-07-30',9,'',88,'H',4,0,NULL,NULL,'Sandro 6, Defoe 29 41, Van der Vaart 56','',18,'Team'),(622,'2011-08-13',4,'',9,'H',1,0,NULL,NULL,'Pavlyuchenko 32(1)','',18,'Team'),(623,'2011-08-21',4,'',18,'A',0,1,NULL,NULL,'','Fletcher 38',18,'Team'),(624,'2011-08-25',4,'',16,'H',4,1,NULL,NULL,'Sandro 9(1), Defoe 15 45(2), Van der Vaart 38(1)','Gyan 32',18,'Team'),(625,'2011-09-03',4,'',19,'A',2,0,NULL,NULL,'Van der Vaart 45(2), Pavlyuchenko 60(2)','',18,'Team'),(626,'2011-09-11',4,'',10,'H',1,0,NULL,NULL,'Modric 75(1)','',18,'Team'),(627,'2011-12-22',4,'',4,'H',0,0,NULL,NULL,'','',18,'Team'),(628,'2011-09-24',4,'',21,'A',2,0,NULL,NULL,'Sandro 26(2), Keane 53(1)','',18,'Team'),(629,'2011-08-30',6,'R2',19,'A',2,0,NULL,NULL,'Van der Vaart 51, Huddlestone 89','',18,'Team'),(630,'2011-10-01',4,'',35,'H',1,0,NULL,NULL,'Keane 33(2)','',18,'Team'),(631,'2011-12-26',4,'',1,'A',2,0,NULL,NULL,'Defoe 18(6), Van der Vaart 24(4)','',18,'Team'),(632,'2012-02-22',4,'',8,'H',1,2,NULL,NULL,'Bale 58(1)','Milner 42 51',18,'Team'),(633,'2011-10-30',4,'',2,'A',3,1,NULL,NULL,'Huddlestone 63 68(2), Defoe 70(5)','Poulsen 90(PK)',18,'Team'),(634,'2011-11-05',4,'',5,'H',0,0,NULL,NULL,'','',18,'Team'),(635,'2011-11-12',4,'',3,'A',0,0,NULL,NULL,'','',18,'Team'),(637,'2011-11-26',4,'',15,'A',2,0,NULL,NULL,'Pavlyuchenko 20(3), Jenas 90(1)','',18,'Team'),(638,'2011-09-14',1,'GS #1/6',89,'A',2,1,NULL,NULL,'Pavlyuchenko 38, Defoe 82','Ki 74',18,'Team'),(639,'2011-09-27',1,'GS #2/6',41,'H',2,0,NULL,NULL,'Modric 30, Defoe 90','',18,'Team'),(640,'2011-10-05',4,'',13,'H',4,0,NULL,NULL,'Modric 25(2), Defoe 34 42(4), Van der Vaart 73(3)','',18,'Team'),(641,'2011-10-11',1,'GS #3/6',90,'H',1,0,NULL,NULL,'Defoe 78','',18,'Team'),(642,'2011-10-25',1,'GS #4/6',89,'H',1,0,NULL,NULL,'Defoe 45','',18,'Team'),(643,'2011-11-08',1,'GS #5/6',41,'A',0,0,NULL,NULL,'','',18,'Team'),(644,'2011-11-22',1,'GS #6/6',90,'A',0,2,NULL,NULL,'','Unal 83, Guiza 90',18,'Team'),(645,'2011-09-20',6,'R3',10,'A',1,0,NULL,NULL,'Huddlestone 10','',18,'Team'),(646,'2011-12-02',4,'',6,'H',0,0,NULL,NULL,'','',18,'Team'),(647,'2011-12-11',4,'',17,'A',0,0,NULL,NULL,'','',18,'Team'),(648,'2011-12-18',4,'',11,'H',1,0,NULL,NULL,'Sandro 77','',18,'Team'),(649,'2011-10-18',6,'R4',53,'H',3,0,NULL,NULL,'Pavlyuchenko 50, Keane 78, Palacios 86','',18,'Team'),(650,'2011-12-30',4,'',20,'A',3,1,NULL,NULL,'Keane 35(3), Pavlyuchenko 79 85(5)','Wallace 90',18,'Team'),(651,'2012-03-14',4,'',9,'A',1,1,NULL,NULL,'Pavlyuchenko 17(7)','Zamora 55',18,'Team'),(652,'2012-01-14',4,'',18,'H',1,0,NULL,NULL,'Woodgate 44(1)','',18,'Team'),(653,'2012-05-09',4,'',16,'A',3,0,NULL,NULL,'Defoe 25(9), Kranjcar 51 72(2)','',18,'Team'),(654,'2012-01-28',4,'',19,'H',2,0,NULL,NULL,'Defoe 27(7), Lennon 76(1)','',18,'Team'),(655,'2012-01-31',4,'',10,'A',2,1,NULL,NULL,'Keane 35(PK) 32(5)','Pellerano 40',18,'Team'),(656,'2012-02-10',4,'',4,'A',0,0,NULL,NULL,'','',18,'Team'),(657,'2012-02-19',4,'',21,'H',1,1,NULL,NULL,'Pavlyuchenko 53(6)','Guthrie 87',18,'Team'),(658,'2012-02-26',4,'',35,'A',1,0,NULL,NULL,'Modric 90(3)','',18,'Team'),(659,'2012-03-03',4,'',1,'H',0,2,NULL,NULL,'','Rooney 17, Berbatov 29',18,'Team'),(660,'2012-03-11',4,'',8,'A',0,0,NULL,NULL,'','',18,'Team'),(661,'2012-03-18',4,'',2,'H',1,1,NULL,NULL,'Modric 5(4)','Torres 84',18,'Team'),(662,'2012-03-21',4,'',5,'A',2,1,NULL,NULL,'Pavlyuchenko 3 10(9)','Cahill 54',18,'Team'),(663,'2012-04-06',4,'',3,'H',0,1,NULL,NULL,'','Terry 45',18,'Team'),(664,'2012-04-14',4,'',13,'A',1,0,NULL,NULL,'Pavlyuchenko 73(10)','',18,'Team'),(665,'2012-04-21',4,'',15,'H',1,0,NULL,NULL,'Van der Vaart 87(5)','',18,'Team'),(666,'2012-04-28',4,'',6,'A',1,2,NULL,NULL,'Pavlyuchenko 62(11)','Agbonlahor 8 64',18,'Team'),(667,'2012-05-05',4,'',17,'H',3,2,NULL,NULL,'Defoe 25(8), Huddlestone 28(3), Van der Vaart 73(6)','Bullard 13, Koren 36',18,'Team'),(668,'2012-05-13',4,'',11,'A',2,0,NULL,NULL,'Crouch 38 85(2)','',18,'Team'),(669,'2012-05-20',4,'',20,'H',0,1,NULL,NULL,'','Paterson 51(PK)',18,'Team'),(670,'2011-12-06',6,'QF',9,'A',3,1,NULL,NULL,'Huddlestone 35, Bentley 64, Modric 78','Etuhu 76',18,'Team'),(671,'2012-02-14',1,'Rof16 Leg1',44,'A',5,4,NULL,NULL,'Keane 31 38 58, Palacios 45, Dos Santos 77','Love 5, Honda 34 75, Doumbia 68',18,'Team'),(672,'2012-03-06',1,'Rof16 Leg2',44,'H',0,1,NULL,NULL,'','Honda 77',18,'Team'),(673,'2012-01-07',5,'R3',91,'A',4,0,NULL,NULL,'Pavlyuchenko 10, Kranjcar 48, Palacios 54, Dos Santos 90','',18,'Team'),(674,'2012-01-03',6,'SF Leg1',3,'A',0,1,NULL,NULL,'','Anelka 54',18,'Team'),(675,'2012-01-17',6,'SF Leg2',3,'H',0,0,NULL,NULL,'','',18,'Team'),(676,'2010-11-30',6,'QF',10,'A',0,4,NULL,NULL,'','Spector 22 36, Cole 55 66',14,'Team'),(677,'2012-01-21',5,'R4',9,'A',0,0,NULL,NULL,'','',18,'Team'),(678,'2012-01-24',5,'R4(r)',9,'A',2,0,NULL,NULL,'Defoe 28, Crouch 84','',18,'Team'),(679,'2012-02-04',5,'R5',15,'H',1,1,NULL,NULL,'Crouch 4','Grella 73',18,'Team'),(680,'2011-01-09',5,'R3',2,'H',1,0,NULL,NULL,'Giggs 2(PK)','',14,'Team'),(681,'2012-02-07',5,'R5(r)',15,'H',1,0,NULL,NULL,'Keane 18','',18,'Team'),(682,'2012-03-24',5,'QF',85,'A',4,0,NULL,NULL,'Defoe 4 45, Van der Vaart 20, Modric 22','',18,'Team'),(683,'2012-04-03',1,'QF Leg1',56,'A',0,1,NULL,NULL,'','OG(Hutton) 29',18,'Team'),(684,'2012-04-10',1,'QF Leg2',56,'H',0,1,NULL,NULL,'','Maicon 45',18,'Team'),(685,'2012-03-31',5,'SF',4,'A',1,3,NULL,NULL,'Pavlyuchenko 72','Fabregas 16, Van Persie 18, Nasri 45',18,'Team'),(686,'2011-02-23',1,'Rof16 Leg1',92,'A',0,0,NULL,NULL,'','',14,'Team'),(687,'2011-03-01',4,'',3,'A',1,2,NULL,NULL,'Rooney 29(7)','Luiz 53, Lampard 79(PK)',14,'Team'),(688,'2011-03-15',1,'Rof16 Leg2',92,'H',2,1,NULL,NULL,'Hernandez 5 75','OG(Brown) 83',14,'Team'),(689,'2011-01-09',5,'R3',93,'H',3,0,NULL,NULL,'Townsend 49, Defoe 58 60','',15,'Team'),(690,'2011-02-15',1,'Rof16 Leg1',41,'A',1,0,NULL,NULL,'Crouch 80','',15,'Team'),(691,'2011-02-22',4,'',67,'A',1,3,NULL,NULL,'Pavlyuchenko 93(5)','Adam 18(PK), Campbell 44, Ormerod 80',15,'Team'),(692,'2011-03-09',1,'Rof16 Leg2',41,'H',0,0,NULL,NULL,'','',15,'Team'),(693,'2012-07-21',9,'',94,'H',NULL,NULL,NULL,NULL,'','',23,'Team'),(694,'2012-07-28',9,'',95,'A',NULL,NULL,NULL,NULL,'','',23,'Team'),(695,'2012-08-04',9,'',96,'H',NULL,NULL,NULL,NULL,'','',23,'Team'),(696,'2012-08-18',4,'',27,'A',NULL,NULL,NULL,NULL,'','',23,'Team'),(697,'2012-08-26',4,'',17,'H',NULL,NULL,NULL,NULL,'','',23,'Team'),(698,'2011-01-30',5,'R4',9,'A',0,4,NULL,NULL,'','Murphy 11(PK) 14(PK), Hangeland 23, Dembele 45',15,'Team'),(699,'2011-01-29',5,'R4',84,'A',2,1,NULL,NULL,'Owen 65, Hernandez 76','Chaplow 45',14,'Team'),(700,'2010-07-17',9,'',98,'H',10,3,NULL,NULL,'Hernandez 3 35 45 63, Obertan 28, Macheda 37 39, Fabio 45, Valencia 61, Gibson 86','Esteves 5, Cherrad 52, Kleber 68',16,'Team'),(701,'2010-07-24',9,'',100,'A',2,0,NULL,NULL,'Scholes 6, Macheda 75','',16,'Team'),(702,'2010-07-31',9,'',99,'A',7,0,NULL,NULL,'Rooney 15 19 21 24, Macheda 55, Obertan 58, Hernandez 60','',16,'Team'),(703,'2010-08-08',7,'',3,'N',2,0,NULL,NULL,'Rooney 19, Berbatov 45','',16,'Team'),(704,'2010-08-14',4,'',11,'A',2,1,NULL,NULL,'Berbatov 21(1), Nani 71(1)','Di Santo 87',16,'Team'),(705,'2010-08-22',4,'',12,'H',4,1,NULL,NULL,'Rooney 5 19(2), Scholes 28(1), Berbatov 41(2)','K. Jones 44',16,'Team'),(706,'2010-08-28',4,'',9,'A',3,1,NULL,NULL,'Giggs 20(1), Rooney 56(3), Valencia 90(1)','Etuhu 30',16,'Team'),(707,'2010-09-05',4,'',18,'H',5,0,NULL,NULL,'Rooney 4 52 61(6), Berbatov 48 90(4)','',16,'Team'),(708,'2010-09-12',4,'',25,'A',5,0,NULL,NULL,'Rooney 4 28(8), Berbatov 34(5), Fletcher 45 67(2)','',16,'Team'),(709,'2010-09-18',4,'',16,'H',2,0,NULL,NULL,'Fletcher 30(3), Macheda 88(1)','',16,'Team'),(710,'2010-09-26',4,'',19,'A',4,0,NULL,NULL,'Berbatov 33(6), Scholes 45(2), Rooney 61 68(10)','',16,'Team'),(711,'2010-10-03',4,'',10,'H',2,0,NULL,NULL,'Rooney 2 35(12)','',16,'Team'),(712,'2010-10-09',4,'',7,'A',5,0,NULL,NULL,'Fletcher 16(4), Rooney 58(PK,13), Berbatov 74 83 90(9)','',16,'Team'),(713,'2010-10-16',4,'',21,'H',2,0,NULL,NULL,'Rooney 31(PK,14), Giggs 49(2)','',16,'Team'),(714,'2010-10-30',4,'',4,'A',0,1,NULL,NULL,'','Van Persie 88',16,'Team'),(715,'2011-02-19',5,'R5',101,'H',1,0,NULL,NULL,'Brown 28','',14,'Team'),(716,'2010-08-31',6,'R2',67,'A',3,0,NULL,NULL,'Berbatov 55 56 66','',16,'Team'),(717,'2010-09-21',6,'R3',8,'H',4,1,NULL,NULL,'Rooney 34 38, Berbatov 64, Macheda 90','Y. Toure 29',16,'Team'),(718,'2010-11-07',4,'',8,'A',0,0,NULL,NULL,'','',16,'Team'),(719,'2010-11-13',4,'',2,'H',2,0,NULL,NULL,'Rooney 40(15), Berbatov 84(10)','',16,'Team'),(720,'2010-11-21',4,'',5,'A',0,0,NULL,NULL,'','',16,'Team'),(721,'2010-11-27',4,'',3,'H',0,1,NULL,NULL,'','Essien 49',16,'Team'),(722,'2010-10-19',6,'R4',24,'H',6,2,NULL,NULL,'Hargreaves 25 35, Valencia 32 58, Obertan 68 74','Hoolahan 3, Martin 14',16,'Team'),(723,'2010-12-04',4,'',13,'A',3,1,NULL,NULL,'Hernandez 20(1), Berbatov 60(11), Anderson 80(1)','Elmander 84',16,'Team'),(724,'2010-12-12',4,'',15,'H',2,0,NULL,NULL,'Owen 7(1), Valencia 90(2)','',16,'Team'),(725,'2010-12-19',4,'',6,'A',0,0,NULL,NULL,'','',16,'Team'),(726,'2010-12-26',4,'',67,'H',6,1,NULL,NULL,'Hernandez 24 75(3), Rooney 45 54(17), Fletcher 70(5), Park 90(1)','Adam 77(PK)',16,'Team'),(727,'2010-12-07',6,'QF',2,'H',2,1,NULL,NULL,'Berbatov 75, Rooney 101','Meireles 6',16,'Team'),(728,'2010-12-30',4,'',18,'A',3,2,NULL,NULL,'Berbatov 27 50(13), Valencia 91(3)','Jones 60, Ebanks-Blake 90',16,'Team'),(729,'2011-04-06',4,'',25,'H',5,1,NULL,NULL,'Macheda 5 30 59(4), Berbatov 7(16), Hernandez 74(8)','Fortune 45',16,'Team'),(730,'2011-01-15',4,'',16,'A',5,1,NULL,NULL,'Rooney 23 56(19), Valencia 45 84(5), Obertan 77(1)','Gyan 7',16,'Team'),(731,'2011-01-29',4,'',19,'H',5,0,NULL,NULL,'Nani 23 67(3), Rooney 31 54(21), Valencia 72(6)','',16,'Team'),(732,'2011-01-08',5,'R3',67,'A',7,0,NULL,NULL,'Scholes 4, Hernandez 13 52 83, OG(Evatt) 24, Hargreaves 48, Park 67','',16,'Team'),(733,'2011-02-02',4,'',10,'A',1,0,NULL,NULL,'Hernandez 38(4)','',16,'Team'),(734,'2011-02-12',4,'',7,'H',4,2,NULL,NULL,'Hernandez 10 78(6), Berbatov 17(14), Gibson 65(1)','Defoe 72 90',16,'Team'),(735,'2011-02-19',4,'',21,'A',2,0,NULL,NULL,'Hernandez 23(7), Rooney 71(22)','',16,'Team'),(736,'2011-02-23',4,'',4,'H',5,1,NULL,NULL,'Nani 56(4), Owen 59 86(3), Berbatov 63(15), Fletcher 90(6)','Arshavin 60',16,'Team'),(737,'2011-01-04',6,'SF Leg1',7,'H',2,1,NULL,NULL,'Berbatov 43, Carrick 55','Defoe 83',16,'Team'),(738,'2011-01-18',6,'SF Leg2',7,'A',0,0,NULL,NULL,'','',16,'Team'),(739,'2011-03-05',4,'',8,'H',2,0,NULL,NULL,'Fletcher 45(7), Rooney 81(23)','',16,'Team'),(740,'2011-03-12',4,'',2,'A',1,1,NULL,NULL,'Rooney 34(24)','Torres 82',16,'Team'),(741,'2011-03-20',4,'',5,'H',4,0,NULL,NULL,'Vidic 10(1), Rooney 25 65(26), Anderson 87(2)','',16,'Team'),(742,'2011-02-16',4,'',3,'A',1,1,NULL,NULL,'Obertan 65(2)','E. Diouf',16,'Team'),(743,'2011-03-12',5,'QF',4,'H',2,0,NULL,NULL,'Fabio 28, Rooney 49','',14,'Team'),(744,'2011-01-22',5,'R4',102,'A',4,1,NULL,NULL,'Rooney 3 31, Gibson 7, Berbatov 72','Pope 27',16,'Team'),(745,'2011-04-10',4,'',13,'H',3,0,NULL,NULL,'Rooney 8(27), Fletcher 59(8), Giggs 79(3)','',16,'Team'),(746,'2011-04-16',4,'',15,'A',4,0,NULL,NULL,'Hernandez 34 36(10), Rooney 55(28), Macheda 69(5)','',16,'Team'),(747,'2011-04-23',4,'',6,'H',2,0,NULL,NULL,'Berbatov 30(17), Vidic 53(2)','',16,'Team'),(748,'2011-04-30',4,'',67,'A',3,0,NULL,NULL,'Nani 21(5), Carrick 32(1), Fletcher 37(9)','',16,'Team'),(749,'2011-05-07',4,'',11,'H',4,0,NULL,NULL,'Gibson 18(2), Owen 20(4), Macheda 59(6), King 90(1)','',16,'Team'),(750,'2011-05-18',4,'',12,'A',0,2,NULL,NULL,'','Gudjohnsen 16, K. Jones 32',16,'Team'),(751,'2011-05-22',4,'',9,'H',2,0,NULL,NULL,'Rooney 55(PK,29), Macheda 86(7)','',16,'Team'),(752,'2011-02-27',6,'Final',3,'N',2,1,NULL,NULL,'Rooney 90 120','E. Diouf 9',16,'Team'),(753,'2011-02-05',5,'R5',4,'H',4,1,NULL,NULL,'Berbatov 9 90, Rooney 36 85','Chamakh 72',16,'Team'),(754,'2011-03-26',5,'QF',8,'H',2,0,NULL,NULL,'Rooney 28 34','',16,'Team'),(755,'2011-04-02',5,'SF',2,'A',3,0,NULL,NULL,'Giggs 63, Berbatov 76 90','',16,'Team'),(756,'2011-05-14',5,'Final',3,'N',3,1,NULL,NULL,'Rooney 41 45(PK), Berbatov 76','Mikel 83',16,'Team'),(757,'2011-07-16',9,'',103,'H',1,1,NULL,NULL,'Valencia 21','Forestieri 90(PK)',24,'Team'),(758,'2011-07-23',9,'',104,'A',4,0,NULL,NULL,'Rooney 36 45, Valencia 57, Macheda 90','',24,'Team'),(759,'2011-07-30',9,'',105,'H',1,0,NULL,NULL,'Rooney 28','',24,'Team'),(760,'2011-08-07',7,'',2,'N',2,0,NULL,NULL,'Hernandez 32 55','',24,'Team'),(761,'2011-08-13',4,'',3,'H',0,2,NULL,NULL,'','Malouda 54, Anelka 87',24,'Team'),(762,'2011-08-21',4,'',13,'A',1,1,NULL,NULL,'Giggs 2(1)','Petrov 84',24,'Team'),(763,'2011-08-17',4,'',15,'H',3,1,NULL,NULL,'Berbatov 30(1), Macheda 58(1), Anderson 79(1)','D. Dunn 56',24,'Team'),(764,'2011-09-03',4,'',6,'A',2,1,NULL,NULL,'Fletcher 14(1), Carrick 37(1)','Agbonlahor 45',24,'Team'),(765,'2011-09-10',4,'',12,'H',1,1,NULL,NULL,'Gibson 9(1)','K. Jones 79(PK)',24,'Team'),(766,'2011-09-17',4,'',20,'A',NULL,NULL,NULL,NULL,'','',24,'Team'),(767,'2011-09-25',4,'',14,'H',NULL,NULL,NULL,NULL,'','',24,'Team'),(768,'2011-04-06',1,'QF Leg1',3,'A',NULL,NULL,NULL,NULL,'','',14,'Team'),(769,'2011-04-12',1,'QF Leg2',3,'H',NULL,NULL,NULL,NULL,'','',14,'Team'),(770,'2011-04-16',5,'SF',8,'N',NULL,NULL,NULL,NULL,'','',14,'Team'),(771,'2011-04-05',1,'QF Leg1',48,'A',NULL,NULL,NULL,NULL,'','',15,'Team'),(772,'2011-04-13',1,'QF Leg2',48,'H',NULL,NULL,NULL,NULL,'','',15,'Team'),(773,'2011-10-02',4,'',9,'A',NULL,NULL,NULL,NULL,'','',24,'Team'),(774,'2011-10-08',4,'',25,'H',NULL,NULL,NULL,NULL,'','',24,'Team'),(775,'2011-10-16',4,'',16,'A',NULL,NULL,NULL,NULL,'','',24,'Team'),(776,'2011-10-30',4,'',19,'H',NULL,NULL,NULL,NULL,'','',24,'Team'),(777,'2011-11-05',4,'',10,'A',NULL,NULL,NULL,NULL,'','',24,'Team'),(778,'2011-11-14',4,'',7,'H',NULL,NULL,NULL,NULL,'','',24,'Team'),(779,'2011-11-19',4,'',21,'A',NULL,NULL,NULL,NULL,'','',24,'Team'),(780,'2011-11-26',4,'',35,'H',NULL,NULL,NULL,NULL,'','',24,'Team'),(781,'2011-08-30',6,'R2',25,'H',6,1,NULL,NULL,'Hernandez 7 9 72 81, Berbatov 13 28','Thorne 78',24,'Team'),(782,'2011-09-14',1,'GS #1/6',72,'A',3,0,NULL,NULL,'Berbatov 45, Rooney 68 90','',24,'Team'),(783,'2011-09-28',1,'GS #2/6',34,'H',NULL,NULL,NULL,NULL,'','',24,'Team'),(784,'2011-10-12',1,'GS #3/6',58,'H',NULL,NULL,NULL,NULL,'','',24,'Team'),(785,'2011-10-25',1,'GS #4/6',34,'A',NULL,NULL,NULL,NULL,'','',24,'Team'),(786,'2011-11-09',1,'GS #5/6',58,'A',NULL,NULL,NULL,NULL,'','',24,'Team'),(787,'2011-11-22',1,'GS #6/6',72,'H',NULL,NULL,NULL,NULL,'','',24,'Team'),(788,'2011-12-04',4,'',4,'A',NULL,NULL,NULL,NULL,'','',24,'Team'),(789,'2011-12-18',4,'',8,'A',NULL,NULL,NULL,NULL,'','',24,'Team'),(790,'2011-12-25',4,'',2,'H',NULL,NULL,NULL,NULL,'','',24,'Team'),(791,'2011-09-20',6,'R3',37,'A',NULL,NULL,NULL,NULL,'','',24,'Team');
/*!40000 ALTER TABLE `matches` ENABLE KEYS */;
UNLOCK TABLES;

--
-- Table structure for table `nations`
--

DROP TABLE IF EXISTS `nations`;
CREATE TABLE `nations` (
  `id` int(11) NOT NULL auto_increment,
  `name` varchar(255) collate utf8_unicode_ci NOT NULL,
  `region_id` int(11) NOT NULL,
  `code` varchar(255) collate utf8_unicode_ci default NULL,
  `abbr` varchar(255) collate utf8_unicode_ci default NULL,
  PRIMARY KEY  (`id`)
) ENGINE=InnoDB AUTO_INCREMENT=115 DEFAULT CHARSET=utf8 COLLATE=utf8_unicode_ci;

--
-- Dumping data for table `nations`
--

LOCK TABLES `nations` WRITE;
/*!40000 ALTER TABLE `nations` DISABLE KEYS */;
INSERT INTO `nations` VALUES (1,'Belgium',1,'BE',NULL),(2,'Brazil',5,'BR',NULL),(3,'Bulgaria',1,'BG',NULL),(4,'England',1,'EL',NULL),(5,'Ecuador',5,'EC',NULL),(6,'France',1,'FR',NULL),(7,'Germany',1,'DE',NULL),(8,'Ireland',1,'IE',NULL),(9,'Italy',1,'IT',NULL),(10,'Korea Republic',3,'KR','Korea Rep.'),(11,'Netherlands',1,'NL',NULL),(12,'Northern Ireland',1,'ND','N. Ireland'),(13,'Norway',1,'NO',NULL),(14,'Poland',1,'PL',NULL),(15,'Portugal',1,'PT',NULL),(16,'Scotland',1,'SS',NULL),(17,'Serbia',1,'RS',NULL),(18,'South Africa',2,'ZA','S. Africa'),(19,'Wales',1,'WL',NULL),(20,'Burundi',2,'BI',NULL),(21,'Turkey',1,'TR',NULL),(22,'Spain',1,'ES',NULL),(23,'Andorra',1,'AD',NULL),(24,'Albania',1,'AL',NULL),(25,'Armenia',1,'AM',NULL),(26,'Angola',2,'AO',NULL),(27,'Argentina',6,'AR',NULL),(28,'Austria',1,'AT',NULL),(29,'Australia',3,'AU',NULL),(30,'Bosnia And Herzegowina',1,'BA','Bosnia & H.'),(31,'Benin',2,'BJ',NULL),(32,'Bolivia',6,'BO',NULL),(33,'Botswana',2,'BW',NULL),(34,'Belarus',1,'BY',NULL),(35,'Canada',5,'CA',NULL),(36,'Congo',2,'CG',NULL),(37,'Switzerland',1,'CH',NULL),(38,'Ivory Coast',2,'CI',NULL),(39,'Chile',6,'CL',NULL),(40,'Cameroon',2,'CM',NULL),(41,'China',3,'CN',NULL),(42,'Colombia',6,'CO',NULL),(43,'Costa Rica',5,'CR',NULL),(44,'Cuba',5,'CU',NULL),(45,'Czech',1,'CZ',NULL),(46,'Denmark',1,'DK',NULL),(47,'Dominican Republic',5,'DO','Dominica'),(48,'Algeria',2,'DZ',NULL),(49,'Estonia',1,'EE',NULL),(50,'Egypt',2,'EG',NULL),(51,'Western Sahara',2,'EH','W. Sahara'),(52,'Ethiopia',2,'ET',NULL),(53,'Finland',1,'FI',NULL),(54,'Gabon',2,'GA',NULL),(55,'Georgia',1,'GE',NULL),(56,'Ghana',2,'GH',NULL),(57,'Gambia',2,'GM',NULL),(58,'Guinea',2,'GN',NULL),(59,'Greece',1,'GR',NULL),(60,'Guatemala',5,'GT',NULL),(61,'Honduras',5,'HN',NULL),(62,'Croatia',1,'HR',NULL),(63,'Hungary',1,'HU',NULL),(64,'Israel',1,'IL',NULL),(65,'Iceland',1,'IS',NULL),(66,'Jamaica',5,'JM',NULL),(67,'Japan',3,'JP',NULL),(68,'Kenya',2,'KE',NULL),(69,'Lithuania',1,'LT',NULL),(70,'Latvia',1,'LV',NULL),(71,'Moldova',1,'MD',NULL),(72,'Macedonia',1,'MK',NULL),(73,'Mexico',5,'MX',NULL),(74,'Namibia',2,'NA',NULL),(75,'Niger',2,'NE',NULL),(76,'Nigeria',2,'NG',NULL),(77,'Nicaragua',5,'NI',NULL),(78,'New Zealand',2,'NZ',NULL),(79,'Peru',6,'PE',NULL),(80,'Paraguay',6,'PY',NULL),(81,'Romania',1,'RO',NULL),(82,'Russia',1,'RU',NULL),(83,'Sudan',2,'SD',NULL),(84,'Sweden',1,'SE',NULL),(85,'Slovenia',1,'SI',NULL),(86,'Slovakia',1,'SK',NULL),(87,'Senegal',2,'SN',NULL),(88,'Somalia',2,'SO',NULL),(89,'El Salvador',5,'SV',NULL),(90,'Togo',2,'TG',NULL),(91,'Tunisia',2,'TN',NULL),(92,'Ukraine',1,'UA',NULL),(93,'United States',5,'US','Utd. States'),(94,'Uruguay',6,'UY',NULL),(95,'Venezuela',6,'VE',NULL),(96,'Yugoslavia',1,'YU',NULL),(97,'Zambia',2,'ZM',NULL),(98,'Zaire',2,'ZR',NULL),(99,'Zimbabwe',2,'ZW',NULL),(100,'TBD',1,NULL,NULL),(101,'Kazakhstan',1,'KZ',NULL),(102,'Turkmenistan',3,'TM','Turkmenstn'),(103,'Kuwait',3,'KW',NULL),(104,'Syria',3,'SY',NULL),(105,'Iran',3,'IR',NULL),(106,'Iraq',3,'IQ',NULL),(107,'North Korea',3,'KP',NULL),(108,'Bahrain',3,'BH',NULL),(109,'Qatar',3,'QA',NULL),(110,'Uzbekistan',3,'UZ',NULL),(111,'Saudi Arabia',3,'SA','Saudi Arb\''),(112,'United Arab Emirates',3,'AE','UAE'),(113,'Jordan',3,'JO',NULL),(114,'Mali',2,'ML',NULL);
/*!40000 ALTER TABLE `nations` ENABLE KEYS */;
UNLOCK TABLES;

--
-- Table structure for table `player_attributes`
--

DROP TABLE IF EXISTS `player_attributes`;
CREATE TABLE `player_attributes` (
  `id` int(11) NOT NULL auto_increment,
  `player_id` int(11) NOT NULL,
  `acceleration` int(11) NOT NULL,
  `positiveness` int(11) NOT NULL,
  `quickness` int(11) NOT NULL,
  `balance` int(11) NOT NULL,
  `control` int(11) NOT NULL,
  `cross` int(11) NOT NULL,
  `curve` int(11) NOT NULL,
  `dribble` int(11) NOT NULL,
  `goalmaking` int(11) NOT NULL,
  `fk_accuracy` int(11) NOT NULL,
  `head_accuracy` int(11) NOT NULL,
  `jump` int(11) NOT NULL,
  `long_pass` int(11) NOT NULL,
  `long_shot` int(11) NOT NULL,
  `mark` int(11) NOT NULL,
  `pk` int(11) NOT NULL,
  `positioning` int(11) NOT NULL,
  `reaction` int(11) NOT NULL,
  `short_pass` int(11) NOT NULL,
  `shot_power` int(11) NOT NULL,
  `sliding` int(11) NOT NULL,
  `speed` int(11) NOT NULL,
  `stamina` int(11) NOT NULL,
  `tackle` int(11) NOT NULL,
  `physical` int(11) NOT NULL,
  `tactics` int(11) NOT NULL,
  `vision` int(11) NOT NULL,
  `volley` int(11) NOT NULL,
  `gk_dive` int(11) NOT NULL,
  `gk_handling` int(11) NOT NULL,
  `gk_kick` int(11) NOT NULL,
  `gk_positioning` int(11) NOT NULL,
  `gk_reaction` int(11) NOT NULL,
  PRIMARY KEY  (`id`)
) ENGINE=InnoDB AUTO_INCREMENT=219 DEFAULT CHARSET=utf8 COLLATE=utf8_unicode_ci;

--
-- Dumping data for table `player_attributes`
--

LOCK TABLES `player_attributes` WRITE;
/*!40000 ALTER TABLE `player_attributes` DISABLE KEYS */;
INSERT INTO `player_attributes` VALUES (1,1,32,57,21,51,22,14,12,13,8,11,12,58,27,11,12,24,55,66,27,29,11,41,63,10,76,78,40,12,80,84,83,90,75),(2,2,66,87,51,69,66,70,56,42,31,33,73,70,59,28,76,32,83,70,69,47,81,62,69,79,75,90,69,55,7,9,5,13,12),(3,3,71,84,52,80,73,45,51,58,39,27,87,88,73,29,88,54,88,78,74,59,87,74,76,94,85,80,69,51,21,20,30,20,22),(4,4,73,93,57,87,67,41,44,49,42,49,97,93,65,36,91,63,92,82,76,61,89,76,81,98,93,87,63,42,10,12,16,18,6),(5,5,90,83,89,78,83,83,78,88,53,52,77,84,81,51,82,59,82,92,85,75,94,90,94,87,71,79,73,54,13,14,12,5,8),(6,6,88,69,81,79,85,85,76,87,65,69,62,64,60,80,46,64,73,83,71,83,42,89,82,49,75,73,78,68,15,8,13,5,8),(7,7,70,86,62,75,86,83,74,76,67,67,75,69,93,85,65,77,94,80,91,88,42,68,68,57,75,93,94,85,13,10,8,9,8),(8,8,72,74,67,81,81,80,75,74,67,79,73,73,90,82,83,79,92,84,89,83,80,77,87,85,80,89,90,77,9,10,13,11,14),(9,9,79,58,85,70,88,89,87,83,78,82,66,65,82,73,26,81,87,73,86,77,45,77,66,46,61,84,90,81,10,9,12,9,8),(10,10,87,96,84,94,94,83,83,88,93,82,75,74,82,89,28,85,86,85,90,94,33,84,88,38,90,82,90,96,11,7,5,11,12),(11,11,73,61,83,82,93,77,77,86,93,71,90,86,64,80,13,80,92,94,89,90,19,74,62,25,78,77,89,94,7,8,8,12,8),(12,12,86,56,82,82,80,66,69,76,80,65,79,73,45,57,31,84,89,86,72,75,10,82,68,28,54,80,72,78,15,6,8,7,11),(13,13,89,59,92,79,86,81,76,86,69,75,45,52,59,83,30,63,60,69,70,81,33,87,72,30,62,60,74,76,5,12,13,6,12),(14,14,76,85,59,74,81,77,58,72,61,47,73,80,77,73,83,50,81,78,84,61,74,76,93,79,77,77,73,58,9,10,13,11,12),(15,15,79,81,78,77,85,82,80,73,50,85,67,69,80,79,78,73,91,90,86,76,81,83,81,85,76,90,83,60,6,13,9,6,11),(16,16,73,84,53,83,71,64,62,63,38,34,84,85,66,39,81,47,80,74,80,61,78,76,80,80,83,84,71,63,5,6,4,9,4),(17,17,68,81,53,68,60,60,32,39,28,25,77,83,55,25,80,34,76,74,71,42,81,63,78,82,75,74,56,46,7,8,5,11,6),(18,18,53,55,47,62,18,10,15,14,18,17,14,70,21,22,10,18,69,63,21,27,9,53,48,10,66,59,51,9,81,76,78,75,80),(19,19,86,81,84,83,85,70,79,85,58,79,54,68,80,65,63,79,81,77,84,83,60,84,79,69,78,77,85,71,9,8,7,9,8),(20,20,84,74,81,82,79,76,63,82,76,53,66,44,59,66,55,71,83,77,75,72,51,84,92,59,60,76,73,77,10,7,5,14,5),(21,21,85,40,79,68,75,71,58,77,74,67,64,66,39,74,20,66,75,60,61,78,21,83,68,24,61,62,57,70,3,5,6,5,3),(22,22,76,46,75,70,75,64,65,69,77,51,69,73,23,75,20,64,63,71,69,77,12,76,68,11,68,61,62,76,2,8,5,5,6),(23,23,85,64,71,71,70,75,68,61,55,59,37,57,61,42,52,61,68,69,64,51,41,87,69,47,59,68,67,47,7,7,9,6,5),(24,24,81,81,81,72,81,79,48,81,57,72,57,58,75,78,78,64,75,75,76,79,70,84,80,78,71,79,75,75,4,5,6,8,8),(25,25,69,81,49,67,59,70,41,43,22,24,73,79,53,29,79,35,77,64,62,43,83,72,75,80,78,77,56,31,7,6,10,10,10),(26,26,84,67,81,46,74,76,58,76,62,77,49,61,70,69,72,72,62,72,74,79,72,81,76,75,43,58,72,67,7,5,9,1,6),(27,27,50,62,52,55,26,15,12,25,14,12,15,67,26,23,23,21,61,69,35,25,23,53,68,25,60,58,63,15,76,69,53,68,76),(28,28,70,71,53,74,73,75,45,58,54,65,63,72,75,83,71,34,74,68,76,84,52,77,83,58,73,68,69,66,7,5,14,8,9),(29,29,80,38,75,52,80,76,75,77,68,82,50,64,65,75,20,61,69,56,73,79,13,77,71,14,48,68,72,67,7,6,5,7,6),(30,30,74,38,74,64,74,65,51,81,60,39,43,48,40,52,14,63,45,62,65,69,15,74,53,17,65,43,49,58,7,1,4,3,4),(31,31,60,65,57,56,57,38,38,30,23,38,65,64,24,35,62,28,52,64,49,38,72,65,64,68,57,59,47,29,4,9,2,5,5),(32,32,64,75,51,64,46,58,27,38,21,32,62,65,47,41,64,24,63,54,52,60,65,72,65,66,67,63,48,23,6,5,19,7,15),(33,33,72,52,69,49,68,45,45,62,42,72,44,55,65,56,34,40,49,65,69,74,48,68,72,56,49,50,67,59,1,2,3,5,6),(34,34,52,35,22,66,17,8,6,10,12,9,13,71,12,9,10,12,17,61,13,23,26,44,43,24,55,18,24,12,69,54,51,50,64),(35,35,71,57,55,31,65,45,43,56,55,43,47,38,60,63,40,52,53,54,66,72,32,65,66,49,49,42,63,50,1,4,7,4,1),(36,36,62,75,43,61,59,37,37,38,42,34,37,61,47,42,52,31,58,68,57,62,64,78,59,66,72,51,48,33,7,2,1,2,9),(37,37,78,32,56,30,57,36,45,45,53,47,61,27,31,54,10,48,46,54,43,71,11,74,39,11,62,49,21,44,2,8,4,8,4),(38,38,62,33,53,54,62,41,41,53,54,43,54,63,62,55,57,53,39,52,63,66,42,58,64,44,64,41,57,45,8,3,6,5,5),(39,39,56,78,67,75,41,31,37,19,19,39,25,76,38,24,79,33,57,65,31,17,85,68,78,69,75,51,52,24,4,1,3,6,2),(40,41,80,85,74,80,81,84,65,77,37,61,91,86,76,78,84,52,90,85,81,84,85,77,85,87,79,85,72,32,1,7,4,3,8),(41,40,49,50,53,71,26,16,13,11,11,13,10,87,20,23,10,36,88,90,24,39,11,53,80,10,65,64,76,9,90,75,64,82,92),(42,40,48,48,50,68,24,14,11,9,9,11,8,84,18,21,8,34,86,87,22,37,9,52,79,8,64,62,74,7,86,71,60,78,88),(43,41,0,0,0,0,0,0,0,0,0,0,0,0,0,0,0,0,0,0,0,0,0,0,0,0,0,0,0,0,0,0,0,0,0),(44,42,74,86,64,77,69,20,18,48,35,29,89,83,59,27,81,33,81,82,60,42,79,80,60,82,87,81,63,34,11,5,7,11,11),(45,43,72,84,57,68,70,67,64,32,26,49,82,77,63,52,90,39,89,75,72,66,87,78,76,90,83,79,65,36,8,9,6,7,7),(46,44,82,88,78,74,83,89,55,82,45,78,65,65,79,80,86,56,89,72,83,82,85,78,79,87,76,82,72,74,11,9,13,13,7),(47,45,80,43,85,68,88,87,88,90,75,88,57,52,85,90,33,80,79,72,90,91,35,76,73,46,52,67,85,85,9,8,13,10,14),(48,46,79,89,88,80,87,80,52,87,66,74,85,79,75,73,76,75,78,85,88,89,75,83,89,80,85,68,84,81,9,8,7,7,6),(49,47,76,77,75,80,84,77,73,71,59,75,77,72,89,93,73,54,79,71,92,95,71,78,73,76,90,73,89,77,13,14,11,14,6),(50,48,79,83,85,79,85,83,74,78,78,82,72,78,81,88,61,80,90,87,88,88,71,83,86,73,76,78,87,83,5,12,12,8,10),(51,49,90,51,92,82,86,55,68,89,93,65,73,73,44,80,25,83,87,92,70,91,12,89,80,21,65,52,62,89,9,8,9,9,8),(52,50,96,53,93,82,88,81,72,95,69,56,45,44,66,62,26,65,77,77,74,75,23,96,86,23,43,64,83,81,12,8,9,13,14),(53,51,51,46,50,66,25,10,18,19,11,19,18,62,14,19,12,18,54,73,25,20,25,51,68,27,70,65,65,11,76,77,69,75,78),(54,52,82,86,72,70,80,77,52,73,40,45,83,73,67,42,79,46,86,81,72,57,83,84,90,84,80,76,69,55,14,10,10,9,14),(55,53,75,82,60,75,68,41,35,38,37,52,91,85,58,43,85,54,81,73,68,42,90,74,76,88,83,76,64,37,10,4,10,5,7),(56,54,82,69,75,78,91,92,95,90,72,84,59,49,87,90,21,67,83,74,81,86,24,84,71,22,74,72,87,77,7,9,7,12,6),(57,55,81,64,92,77,95,85,81,93,86,88,64,68,92,81,61,76,92,89,94,79,42,84,87,51,62,85,97,84,2,3,6,8,9),(58,56,65,81,88,78,84,58,64,83,94,39,92,83,66,77,40,72,92,90,85,83,21,71,77,24,78,84,79,87,11,12,9,13,6),(59,57,84,59,89,84,90,69,75,89,92,52,69,65,52,84,27,86,90,90,82,86,16,81,73,25,67,80,88,94,14,13,6,13,10),(60,58,81,72,71,78,82,81,87,75,54,85,73,63,75,78,76,71,76,74,78,81,77,84,78,78,72,75,76,69,12,14,17,13,13),(61,59,77,74,78,75,80,57,75,76,80,78,84,80,66,82,41,75,84,81,75,86,36,81,73,39,72,77,72,81,1,2,3,5,6),(62,60,57,83,54,73,66,31,20,46,35,37,92,85,58,31,77,43,77,71,66,54,82,62,72,87,84,73,60,27,8,10,9,7,13),(63,61,87,62,80,66,79,71,70,84,68,76,53,62,63,71,20,58,68,71,73,73,15,86,54,17,49,46,78,67,8,9,5,12,7),(64,62,80,67,83,67,83,76,60,80,66,56,62,63,78,83,31,66,77,75,82,84,47,79,73,43,76,73,75,73,2,3,5,9,8),(65,63,90,70,78,68,70,67,44,68,46,29,73,74,73,53,74,41,78,73,75,51,80,88,74,81,69,78,65,65,11,8,9,7,11),(66,64,61,70,57,59,61,43,29,20,14,30,60,75,51,24,74,33,66,57,56,59,73,76,64,80,81,62,56,15,2,4,7,7,7),(67,65,73,44,69,61,79,74,48,79,69,44,45,49,58,69,44,23,57,61,74,73,45,83,50,49,43,55,63,66,9,6,6,7,13),(68,66,69,30,62,40,50,42,34,57,58,30,34,45,27,47,18,66,32,52,38,49,12,75,42,21,48,35,46,63,3,1,4,5,2),(69,67,71,57,64,59,70,59,51,67,51,54,50,60,69,62,40,65,56,60,72,62,48,77,74,45,61,72,68,54,6,1,4,6,2),(70,68,77,66,75,54,76,74,37,71,28,37,60,48,61,71,76,53,44,58,71,81,70,78,66,73,45,33,65,59,7,4,2,4,8),(71,69,85,23,53,75,45,18,16,34,17,21,33,77,35,19,12,17,55,52,43,33,27,72,55,41,53,63,62,35,70,61,62,67,70),(72,70,41,17,35,30,25,12,14,16,15,20,17,28,11,24,14,22,36,34,9,35,15,39,23,15,26,35,30,16,69,71,65,60,76),(73,71,69,43,82,75,80,83,83,82,84,83,74,60,75,78,67,71,83,75,77,77,52,71,75,66,49,74,86,83,6,11,10,11,15),(74,72,79,79,86,75,87,85,84,83,76,88,79,68,81,89,69,69,86,80,86,90,69,75,78,71,73,78,83,74,8,5,7,5,9),(75,73,79,87,88,80,86,79,51,86,65,73,84,79,74,72,75,73,76,85,87,88,74,83,89,79,85,66,82,80,9,8,7,7,6),(76,74,90,49,92,58,70,65,57,79,71,45,64,74,50,60,27,54,62,74,63,69,25,88,71,26,55,50,54,66,16,19,25,14,19),(77,75,42,54,40,54,21,14,28,20,18,24,24,32,27,23,19,28,50,72,40,20,75,47,57,58,62,52,44,21,80,67,57,60,74),(78,76,73,57,68,75,64,57,56,69,75,28,82,78,27,53,23,78,77,71,46,71,36,70,72,37,72,66,61,66,8,6,6,10,13),(79,77,37,43,39,63,23,10,11,5,12,13,19,52,23,13,12,25,19,54,24,55,9,58,53,8,70,60,46,9,82,71,67,75,88),(80,78,74,62,77,65,44,24,23,34,11,11,32,86,46,9,13,64,68,77,42,51,32,77,68,12,60,63,52,18,81,77,76,75,82),(81,79,68,78,60,71,70,53,30,29,58,46,77,72,71,47,87,73,75,82,75,52,86,74,80,88,81,70,70,27,9,19,18,12,18),(82,80,68,78,60,71,70,53,30,29,58,46,77,72,71,47,87,73,75,82,75,52,86,74,80,88,81,70,70,0,0,0,0,0,0),(83,81,51,29,62,64,29,22,21,32,10,11,22,66,27,17,11,10,23,70,28,50,16,57,68,15,73,62,63,18,73,75,75,66,76),(84,82,79,82,80,72,75,86,47,72,52,50,44,70,71,44,78,36,76,70,73,67,70,84,81,71,74,69,72,59,2,2,2,6,4),(85,83,64,73,66,73,65,59,50,63,39,34,76,74,62,20,67,30,74,65,61,67,67,64,75,69,74,71,65,46,6,9,5,9,6),(86,84,67,63,62,65,64,54,76,42,55,32,84,83,67,72,65,41,67,66,73,81,59,68,62,76,81,70,54,76,9,8,7,7,6),(87,85,67,64,67,72,71,74,74,66,69,72,60,63,70,75,77,69,69,67,68,78,68,68,64,81,64,70,67,71,9,5,6,9,5),(88,86,76,64,78,62,73,76,66,72,50,47,58,59,74,48,73,42,80,76,77,58,75,75,83,72,64,82,73,56,7,8,9,7,8),(89,87,68,67,68,62,82,80,73,71,71,85,63,65,81,74,73,81,83,75,87,79,65,69,75,72,70,77,84,63,7,6,7,7,6),(90,88,75,29,74,60,84,83,87,75,68,93,27,32,85,85,19,42,64,59,78,84,33,77,79,37,55,65,73,77,13,7,10,11,9),(91,89,79,52,74,69,81,71,75,80,74,66,67,69,67,71,34,64,72,73,76,73,30,76,64,34,63,66,71,73,8,2,9,9,9),(92,90,82,49,76,54,75,72,70,77,69,50,55,47,65,66,12,57,78,74,73,69,13,85,68,19,58,73,67,67,12,6,14,11,9),(93,91,86,69,74,74,74,58,67,74,81,33,67,67,61,65,59,68,74,73,70,74,26,76,72,30,67,68,78,69,11,6,12,7,15),(94,92,0,0,0,0,0,0,0,0,0,0,0,0,0,0,0,0,0,0,0,0,0,0,0,0,0,0,0,0,0,0,0,0,0),(95,93,0,0,0,0,0,0,0,0,0,0,0,0,0,0,0,0,0,0,0,0,0,0,0,0,0,0,0,0,0,0,0,0,0),(96,94,0,0,0,0,0,0,0,0,0,0,0,0,0,0,0,0,0,0,0,0,0,0,0,0,0,0,0,0,0,0,0,0,0),(97,95,0,0,0,0,0,0,0,0,0,0,0,0,0,0,0,0,0,0,0,0,0,0,0,0,0,0,0,0,0,0,0,0,0),(98,96,0,0,0,0,0,0,0,0,0,0,0,0,0,0,0,0,0,0,0,0,0,0,0,0,0,0,0,0,0,0,0,0,0),(99,97,0,0,0,0,0,0,0,0,0,0,0,0,0,0,0,0,0,0,0,0,0,0,0,0,0,0,0,0,0,0,0,0,0),(100,98,49,29,50,61,25,9,8,9,8,9,8,66,23,9,8,11,29,63,25,11,12,56,64,9,72,67,62,8,75,71,70,69,69),(101,99,77,73,88,76,84,76,63,75,69,76,75,81,79,76,67,72,75,78,70,72,66,87,87,69,84,75,67,34,4,8,9,7,6),(102,100,72,60,62,59,62,61,45,68,62,49,50,61,41,67,25,58,56,54,53,59,30,80,67,29,59,60,63,56,8,7,8,8,7),(103,101,73,61,71,55,71,63,44,68,23,38,56,60,53,21,63,44,55,68,61,67,69,74,80,66,59,68,51,27,9,8,7,9,8),(104,102,64,77,66,57,42,20,12,18,22,18,59,67,32,28,72,30,43,55,49,26,62,67,68,66,67,45,43,28,6,9,13,8,2),(105,103,75,65,74,73,67,49,47,65,75,42,68,67,41,64,23,66,71,77,53,74,30,75,79,28,66,69,54,67,8,1,2,3,5),(106,104,59,74,51,55,58,52,12,62,29,22,71,65,71,58,64,27,73,55,77,45,71,62,70,72,66,74,66,58,11,18,6,7,12),(107,105,69,43,76,76,83,74,83,77,73,81,68,74,78,78,25,66,84,77,75,77,33,73,81,38,64,71,77,72,6,5,8,9,7),(108,106,60,37,77,60,66,51,48,66,73,51,62,67,44,56,41,71,63,71,66,62,22,71,57,23,62,62,68,60,10,5,10,13,2),(109,107,64,69,64,59,67,46,44,64,48,44,69,67,59,60,73,42,75,68,72,64,67,65,67,71,64,72,65,51,8,1,4,2,6),(110,108,71,43,64,63,76,48,65,46,32,43,65,76,54,54,76,54,54,65,43,43,54,65,76,43,54,65,76,65,16,11,12,16,12),(111,109,52,32,68,61,27,11,11,10,8,12,9,67,25,8,11,24,25,62,26,27,11,46,47,12,71,70,64,12,52,73,79,64,70),(112,110,75,47,73,46,72,60,46,72,64,54,38,53,42,41,28,51,47,66,53,56,18,75,70,15,31,37,45,42,7,6,8,7,7),(113,111,77,68,73,54,69,70,66,72,22,62,55,55,52,58,76,33,67,68,68,53,72,74,66,69,59,58,60,39,7,4,7,4,2),(114,112,73,70,70,74,71,74,73,83,71,54,75,79,37,64,34,64,74,59,66,74,42,76,73,44,64,73,68,76,7,8,7,7,8),(115,113,6,75,64,74,75,71,49,64,72,73,66,65,77,83,68,57,80,67,78,81,67,65,75,68,61,80,73,53,6,7,10,8,10),(116,114,43,78,56,85,43,54,43,32,34,54,73,61,65,65,74,54,73,68,65,65,84,32,67,79,75,75,54,43,8,8,4,3,5),(117,115,62,78,60,73,31,34,33,17,20,23,75,75,43,33,73,13,70,66,61,36,76,65,73,78,77,73,62,17,9,8,8,8,4),(118,116,60,37,58,47,61,41,52,65,52,40,54,41,55,44,31,56,66,68,65,56,35,58,71,35,47,56,63,31,2,2,6,9,2),(119,117,59,64,64,57,48,46,53,37,31,43,61,60,47,32,66,43,56,65,52,38,69,65,72,64,66,41,61,28,8,1,2,5,2),(120,118,70,76,83,71,69,48,45,61,75,54,76,58,54,72,18,70,85,65,65,71,22,80,64,20,59,64,77,65,4,5,6,5,4),(121,119,22,54,67,32,18,16,12,32,31,21,13,54,32,21,32,43,43,67,45,32,11,45,51,11,42,43,64,22,66,75,69,66,69),(122,120,75,67,69,70,69,72,67,72,43,48,6,63,66,33,72,29,72,63,67,66,70,73,78,69,75,68,67,50,11,6,12,7,10),(123,121,68,43,57,42,63,48,69,63,63,64,56,51,50,67,24,66,54,56,48,68,22,69,51,15,52,54,43,66,8,5,1,8,6),(124,122,49,74,54,74,53,32,34,24,23,27,77,77,31,14,78,36,70,66,54,35,76,56,76,81,76,67,54,24,3,8,4,2,6),(125,123,65,58,67,66,46,47,53,65,60,47,59,63,49,56,11,54,49,56,53,59,20,68,72,15,58,52,51,54,5,9,4,4,1),(126,124,64,52,69,46,60,48,48,67,62,57,43,48,58,63,53,62,75,64,62,56,53,66,68,46,54,76,59,61,3,9,9,5,8),(127,125,50,57,57,51,22,14,12,13,8,11,12,60,27,11,12,24,23,68,27,29,11,41,46,10,68,31,40,12,82,87,85,93,75),(128,126,82,83,79,68,81,80,65,81,55,70,57,56,75,76,78,62,74,75,76,77,77,80,77,80,72,74,75,73,0,0,0,0,0),(129,127,71,84,52,80,67,45,51,58,39,27,87,87,73,29,88,54,32,80,74,59,87,73,65,94,84,89,69,51,0,0,0,0,0),(130,128,68,92,52,84,64,40,43,48,41,48,91,92,62,35,90,62,44,77,73,60,85,69,69,94,92,83,63,41,0,0,0,0,0),(131,129,92,86,84,80,80,80,77,82,52,51,73,86,78,50,83,58,72,89,82,74,91,88,92,84,76,81,76,53,0,0,0,0,0),(132,130,87,58,88,76,87,84,80,87,77,74,46,51,75,76,21,62,85,72,79,85,32,85,80,29,69,41,81,75,0,0,0,0,0),(133,131,79,90,61,76,80,80,59,73,74,46,86,84,84,78,88,56,84,84,86,77,77,76,92,83,77,92,80,64,0,0,0,0,0),(134,132,67,86,60,73,89,83,74,76,65,67,72,69,91,84,65,77,86,82,89,88,42,65,62,57,74,83,94,85,0,0,0,0,0),(135,133,77,58,81,72,88,90,87,84,76,82,62,63,81,77,26,81,87,73,85,74,45,71,67,46,64,66,90,81,0,0,0,0,0),(136,134,70,60,78,79,88,76,74,83,86,70,84,85,69,75,12,75,76,84,85,87,18,71,66,24,77,32,86,91,0,0,0,0,0),(137,135,85,92,80,89,90,80,81,85,92,80,85,79,84,82,53,86,91,87,87,91,41,85,86,54,90,55,88,89,0,0,0,0,0),(138,136,85,59,81,66,79,65,69,75,83,52,79,83,58,70,22,70,83,83,69,76,19,85,71,29,70,49,75,73,0,0,0,0,0),(139,137,88,78,82,84,86,88,75,86,75,68,61,63,61,81,38,62,84,83,73,84,44,87,80,51,78,51,82,67,0,0,0,0,0),(140,138,70,74,58,78,80,79,64,73,63,78,73,72,86,83,82,78,74,81,87,82,79,74,83,84,79,90,86,67,0,0,0,0,0),(141,139,77,80,63,75,84,81,79,72,49,84,66,69,79,78,78,72,72,90,85,75,77,82,71,80,75,90,82,59,0,0,0,0,0),(142,140,71,83,53,81,73,66,62,63,38,34,86,85,68,39,83,46,71,76,82,61,80,75,79,82,83,85,72,63,0,0,0,0,0),(143,141,65,76,50,65,65,59,31,38,27,24,78,81,54,24,80,33,41,73,74,41,80,69,76,81,77,77,64,45,0,0,0,0,0),(144,142,50,52,52,55,26,15,12,11,14,12,15,69,26,23,9,21,18,71,25,25,8,53,57,9,60,22,63,15,78,73,62,73,81),(145,143,84,56,83,81,82,66,71,78,80,65,75,74,47,59,31,84,86,89,74,77,10,82,64,28,55,44,74,80,0,0,0,0,0),(146,144,0,0,0,0,0,0,0,0,0,0,0,0,0,0,0,0,0,0,0,0,0,0,0,0,0,0,0,0,0,0,0,0,0),(147,145,74,45,74,67,76,63,70,67,77,50,70,72,24,76,19,63,74,74,70,78,11,75,71,10,74,34,63,77,0,0,0,0,0),(148,146,84,71,79,67,78,76,52,80,62,38,44,58,61,53,43,62,69,74,75,73,24,82,69,36,61,43,74,59,0,0,0,0,0),(149,147,0,0,0,0,0,0,0,0,0,0,0,0,0,0,0,0,0,0,0,0,0,0,0,0,0,0,0,0,0,0,0,0,0),(150,148,72,73,64,74,77,78,60,68,63,64,64,72,76,84,76,33,74,76,79,85,67,76,82,70,75,74,76,65,0,0,0,0,0),(151,149,81,74,79,80,78,75,65,80,74,53,68,44,61,68,55,71,81,77,75,74,51,82,92,59,61,72,75,77,0,0,0,0,0),(152,150,84,81,74,80,84,71,80,77,57,78,68,70,80,66,69,78,77,72,81,84,67,82,77,74,81,76,82,70,0,0,0,0,0),(153,151,64,87,51,67,64,72,56,44,31,33,75,70,61,28,78,32,45,72,71,47,83,70,65,81,74,85,70,55,0,0,0,0,0),(154,152,80,65,79,42,77,76,56,76,60,75,49,59,70,67,74,70,76,77,76,77,76,78,73,77,51,74,72,65,0,0,0,0,0),(155,153,70,81,51,67,61,70,41,43,22,24,75,81,55,29,81,35,54,68,64,43,85,71,76,82,80,76,58,31,0,0,0,0,0),(156,154,73,77,63,74,63,55,25,31,23,46,76,88,65,35,78,52,40,76,66,67,75,75,78,76,77,74,65,33,0,0,0,0,0),(157,155,0,0,0,0,0,0,0,0,0,0,0,0,0,0,0,0,0,0,0,0,0,0,0,0,0,0,0,0,0,0,0,0,0),(158,156,50,27,54,34,12,8,7,8,2,5,9,57,9,4,12,5,15,38,11,6,23,45,30,21,32,22,21,7,62,63,65,54,74),(159,157,63,76,51,68,64,65,27,55,21,32,70,76,49,41,75,23,54,76,54,60,75,71,69,76,75,74,49,23,0,0,0,0,0),(160,158,70,50,67,45,77,50,45,70,40,74,44,53,76,56,32,38,67,65,77,76,46,65,69,54,47,60,78,65,0,0,0,0,0),(161,159,56,80,42,66,52,48,24,20,31,25,68,75,50,34,60,32,43,68,52,50,67,66,62,70,78,66,43,35,0,0,0,0,0),(162,160,68,61,64,67,60,45,51,60,66,47,65,71,52,46,13,50,68,66,59,67,17,69,55,21,74,19,59,55,0,0,0,0,0),(163,161,0,0,0,0,0,0,0,0,0,0,0,0,0,0,0,0,0,0,0,0,0,0,0,0,0,0,0,0,0,0,0,0,0),(164,162,50,74,31,39,52,54,36,11,14,33,53,69,48,26,55,27,60,53,51,51,55,65,41,61,67,66,42,11,0,0,0,0,0),(165,163,50,49,56,64,24,14,11,9,9,11,8,84,18,21,8,34,24,86,22,37,9,52,64,8,64,22,74,7,82,75,65,86,89),(166,164,77,80,68,77,80,82,68,73,42,59,76,83,77,75,80,48,51,78,79,81,78,73,81,82,77,72,70,37,0,0,0,0,0),(167,165,68,85,66,81,64,18,22,16,21,10,86,85,71,20,81,34,34,80,57,61,80,72,72,83,86,79,62,22,0,0,0,0,0),(168,166,69,85,59,81,64,19,17,47,34,28,86,83,63,26,80,32,54,78,65,41,77,71,64,82,87,84,61,33,0,0,0,0,0),(169,167,86,77,73,75,82,86,86,82,68,84,71,68,79,79,82,67,71,84,79,78,80,83,86,77,73,70,76,76,0,0,0,0,0),(170,168,92,56,88,76,88,80,62,90,68,54,27,52,53,57,18,61,79,84,78,62,14,93,86,23,57,36,79,69,0,0,0,0,0),(171,169,74,89,81,80,78,74,54,77,67,68,78,77,83,66,78,69,59,84,76,82,80,76,81,78,86,86,81,66,0,0,0,0,0),(172,170,63,80,68,85,83,69,63,73,60,73,76,75,88,79,70,70,78,74,82,91,70,70,77,77,88,70,83,78,0,0,0,0,0),(173,171,78,69,90,76,88,78,83,82,78,82,57,67,87,73,58,80,83,86,89,63,44,80,87,50,67,51,91,77,0,0,0,0,0),(174,172,71,50,77,75,87,85,90,84,84,88,58,59,87,88,13,78,84,77,88,82,22,73,68,33,66,48,87,80,0,0,0,0,0),(175,173,61,83,65,80,82,58,58,78,80,49,85,85,64,72,28,77,78,86,76,78,19,68,77,22,77,20,75,83,0,0,0,0,0),(176,174,84,62,82,78,80,53,62,83,91,70,67,69,38,82,23,74,80,88,66,87,10,83,78,19,63,18,70,86,0,0,0,0,0),(177,175,87,63,82,76,80,70,71,85,70,75,48,60,62,73,20,63,74,75,74,76,22,85,67,27,62,27,79,71,0,0,0,0,0),(178,176,73,66,68,75,82,83,86,84,67,82,53,48,80,79,19,72,72,69,79,80,22,72,69,20,73,39,80,75,0,0,0,0,0),(179,177,74,81,80,75,79,77,68,72,76,79,66,76,75,84,59,77,72,81,78,82,69,79,85,71,75,67,80,81,0,0,0,0,0),(180,178,82,81,74,71,77,83,53,76,43,69,59,64,80,69,80,53,37,75,78,83,80,80,81,82,72,81,65,74,0,0,0,0,0),(181,179,68,78,59,74,63,64,61,22,23,36,75,75,60,39,83,35,16,67,65,63,78,70,72,84,81,71,57,27,0,0,0,0,0),(182,180,41,56,61,65,24,10,8,8,7,19,18,63,14,8,12,8,8,76,25,20,8,47,50,22,69,21,65,11,74,79,69,76,77),(183,181,73,72,71,73,78,56,70,73,87,74,79,80,61,71,20,76,87,78,73,81,31,75,67,32,72,12,66,78,0,0,0,0,0),(184,182,79,59,69,82,80,69,73,81,85,52,62,65,48,77,27,86,81,77,74,82,16,76,67,25,67,33,83,84,0,0,0,0,0),(185,183,78,40,81,69,84,75,77,83,75,83,51,61,79,84,31,77,76,78,83,86,33,76,73,44,63,26,78,83,0,0,0,0,0),(186,184,71,88,63,62,78,78,48,73,72,74,58,62,78,76,72,46,77,75,81,77,70,69,84,71,73,74,69,68,0,0,0,0,0),(187,185,71,77,78,81,75,71,51,71,64,53,66,71,75,68,80,61,63,78,78,73,75,73,81,77,83,76,77,57,0,0,0,0,0),(188,186,77,84,71,76,76,74,53,74,37,52,74,72,66,39,68,41,51,78,70,54,78,77,88,79,82,76,68,52,0,0,0,0,0),(189,187,75,82,60,83,70,56,41,50,54,24,85,86,59,50,78,25,37,75,65,59,84,78,68,86,84,82,65,46,0,0,0,0,0),(190,188,71,81,59,78,61,40,34,27,36,47,86,87,53,42,77,53,26,70,61,41,80,70,67,82,84,77,59,36,0,0,0,0,0),(191,189,70,82,64,79,64,55,43,51,20,32,84,88,54,18,72,50,44,72,64,68,73,75,76,79,86,68,60,33,0,0,0,0,0),(192,190,64,67,53,76,31,17,32,13,11,12,11,76,22,23,13,12,23,73,11,22,16,51,48,12,74,22,74,11,76,77,77,81,76),(193,191,82,67,71,65,69,68,42,62,44,27,67,73,67,51,74,38,48,68,69,69,74,82,72,75,68,61,66,63,0,0,0,0,0),(194,192,82,67,69,64,69,72,42,71,39,46,62,68,63,57,74,39,51,69,67,71,69,83,70,75,70,64,67,63,0,0,0,0,0),(195,193,71,76,65,75,76,66,66,68,56,63,69,72,68,68,49,58,51,64,72,71,62,67,84,60,79,41,67,63,0,0,0,0,0),(196,194,34,56,69,56,6,12,7,6,7,12,8,63,14,6,12,13,3,59,11,10,20,42,52,11,61,28,38,7,64,62,60,72,77),(197,195,56,59,51,60,35,18,26,24,14,20,67,63,30,23,63,34,14,46,43,59,62,57,44,64,67,51,32,33,0,0,0,0,0),(198,196,64,30,62,48,43,32,36,42,60,30,46,54,29,49,18,56,46,54,40,51,12,67,51,21,58,15,48,52,0,0,0,0,0),(199,197,71,60,66,51,58,56,33,53,14,23,37,52,53,47,58,30,33,51,53,47,52,71,56,55,52,48,38,35,0,0,0,0,0),(200,198,79,60,73,65,72,67,67,72,63,58,39,58,62,68,40,55,66,64,67,66,37,81,74,35,52,38,60,68,0,0,0,0,0),(201,199,82,35,68,45,73,62,54,71,52,56,53,45,53,55,35,49,53,62,68,63,26,85,67,28,58,18,60,47,0,0,0,0,0),(202,200,77,64,76,67,75,66,53,73,73,63,50,65,64,77,18,63,66,68,70,77,44,76,70,47,66,29,68,73,0,0,0,0,0),(203,201,76,58,59,72,16,8,7,11,7,14,18,77,22,8,7,6,8,54,27,11,22,68,54,16,67,24,57,23,58,68,61,68,60),(204,202,74,52,65,65,65,30,56,61,63,56,63,58,29,63,24,64,53,73,53,70,27,72,51,29,63,14,31,56,0,0,0,0,0),(205,203,73,58,75,75,75,62,61,68,52,62,51,70,61,63,48,59,64,63,62,68,38,70,73,42,67,46,53,57,0,0,0,0,0),(206,204,77,44,81,71,70,69,50,66,49,46,61,58,63,50,66,42,55,74,68,41,72,79,64,70,70,67,70,48,0,0,0,0,0),(207,205,0,0,0,0,0,0,0,0,0,0,0,0,0,0,0,0,0,0,0,0,0,0,0,0,0,0,0,0,0,0,0,0,0),(208,206,99,0,0,0,0,0,0,0,0,0,0,0,0,0,0,0,0,0,0,0,0,0,0,0,0,0,0,0,0,0,0,0,0),(209,207,0,0,0,0,0,0,0,0,0,0,0,0,0,0,0,0,0,0,0,0,0,0,0,0,0,0,0,0,0,0,0,0,0),(210,208,48,28,56,48,35,15,36,21,11,16,13,52,33,11,13,10,3,56,43,45,25,48,56,12,64,18,18,14,71,70,68,72,69),(211,209,77,71,75,72,78,71,58,77,69,61,47,61,74,76,38,68,73,74,77,74,52,75,75,56,66,57,73,67,0,0,0,0,0),(212,210,82,63,75,74,77,65,31,76,76,35,78,80,34,73,10,61,71,78,61,78,12,82,71,14,76,45,66,76,0,0,0,0,0),(213,211,80,38,77,61,66,65,57,71,69,64,63,64,38,73,17,64,75,60,60,70,18,80,65,21,59,43,57,69,0,0,0,0,0),(214,212,72,61,67,55,72,41,62,63,61,61,54,67,68,74,63,51,63,64,69,72,40,73,80,51,64,64,71,53,0,0,0,0,0),(215,213,86,33,82,71,68,57,48,81,60,31,51,62,36,67,31,42,71,61,56,67,18,85,69,23,71,34,63,64,0,0,0,0,0),(216,214,83,29,67,55,71,65,47,68,52,74,42,53,50,53,11,61,66,54,63,82,22,84,65,15,50,43,58,44,0,0,0,0,0),(217,215,50,71,44,73,48,53,46,38,32,43,48,77,52,30,65,51,43,48,54,35,64,55,65,69,76,61,43,26,0,0,0,0,0),(218,216,87,82,70,82,79,78,56,71,37,50,81,76,73,45,77,59,58,81,77,71,81,87,83,82,81,75,75,59,0,0,0,0,0);
/*!40000 ALTER TABLE `player_attributes` ENABLE KEYS */;
UNLOCK TABLES;

--
-- Table structure for table `player_positions`
--

DROP TABLE IF EXISTS `player_positions`;
CREATE TABLE `player_positions` (
  `id` int(11) NOT NULL auto_increment,
  `player_id` int(11) NOT NULL,
  `position_id` int(11) NOT NULL,
  PRIMARY KEY  (`id`)
) ENGINE=InnoDB AUTO_INCREMENT=358 DEFAULT CHARSET=utf8 COLLATE=utf8_unicode_ci;

--
-- Dumping data for table `player_positions`
--

LOCK TABLES `player_positions` WRITE;
/*!40000 ALTER TABLE `player_positions` DISABLE KEYS */;
INSERT INTO `player_positions` VALUES (1,2,3),(2,2,6),(3,3,8),(4,3,2),(5,4,8),(6,5,5),(7,5,11),(8,6,10),(9,6,12),(10,6,15),(11,7,12),(12,7,15),(13,8,8),(14,8,12),(15,9,9),(16,9,12),(17,9,14),(18,10,18),(19,10,14),(20,10,17),(21,11,15),(22,12,17),(23,12,15),(24,13,13),(25,13,11),(26,13,10),(27,14,10),(28,14,8),(29,14,4),(30,15,9),(31,15,10),(32,15,6),(33,16,8),(34,16,5),(35,16,3),(36,17,4),(37,17,5),(38,19,12),(39,19,11),(40,19,8),(41,20,11),(42,20,12),(43,20,9),(44,21,18),(45,21,13),(46,21,14),(47,22,15),(48,22,14),(49,23,11),(50,23,17),(51,24,4),(52,24,13),(53,24,7),(54,25,4),(55,26,5),(56,26,11),(57,26,4),(58,28,8),(59,28,10),(60,29,14),(61,29,12),(62,29,10),(63,30,14),(64,30,10),(65,31,4),(66,32,4),(67,32,5),(68,33,10),(69,33,11),(70,35,12),(71,36,9),(72,36,3),(73,36,4),(74,37,15),(75,38,10),(76,38,4),(77,38,6),(81,41,3),(82,41,8),(83,41,10),(84,42,8),(85,43,5),(86,44,3),(87,44,7),(88,45,11),(89,45,14),(90,45,17),(91,46,8),(92,46,10),(93,46,11),(94,47,3),(95,47,8),(96,47,12),(97,48,8),(98,48,10),(99,49,16),(100,50,10),(101,50,11),(102,50,12),(103,52,6),(104,53,2),(105,54,9),(106,54,11),(107,54,13),(108,55,9),(109,55,10),(110,55,11),(111,56,15),(112,57,18),(113,58,7),(114,58,11),(115,59,15),(116,60,2),(117,61,11),(118,61,16),(119,61,18),(120,62,12),(121,63,10),(122,63,13),(123,64,2),(124,65,11),(125,65,12),(126,67,8),(127,68,7),(128,68,11),(129,68,14),(130,71,9),(131,72,7),(132,72,9),(133,72,12),(134,73,8),(135,73,10),(136,73,11),(137,74,17),(138,74,18),(139,76,13),(140,82,3),(141,82,4),(142,83,5),(143,83,8),(144,84,4),(145,85,3),(146,85,5),(147,85,10),(148,86,4),(149,86,8),(150,86,10),(151,87,8),(152,87,10),(153,87,12),(154,88,11),(155,88,12),(156,88,13),(157,89,11),(158,89,14),(159,90,11),(160,90,12),(161,90,18),(162,91,15),(163,91,17),(164,99,10),(165,99,11),(166,100,16),(167,101,5),(168,101,6),(169,101,7),(170,103,16),(171,104,5),(172,104,9),(173,105,9),(174,105,11),(175,105,14),(176,107,4),(177,107,8),(178,107,10),(179,110,14),(180,111,4),(181,111,5),(182,111,11),(183,112,13),(184,112,15),(185,113,9),(186,113,10),(187,116,12),(188,117,3),(189,118,15),(190,120,6),(191,120,10),(192,121,17),(193,122,2),(194,122,5),(195,122,8),(196,126,6),(197,126,8),(198,126,13),(199,127,2),(200,127,8),(201,129,5),(202,129,11),(203,130,10),(204,130,11),(205,130,13),(206,131,4),(207,131,8),(208,131,10),(209,132,12),(210,133,9),(211,133,12),(212,133,14),(213,134,15),(214,135,14),(215,135,15),(216,135,17),(217,136,14),(218,136,15),(219,136,17),(220,137,10),(221,137,12),(222,137,15),(223,138,8),(224,138,12),(225,139,6),(226,139,9),(227,139,10),(228,140,3),(229,140,5),(230,140,8),(231,141,4),(232,141,5),(233,143,15),(234,143,17),(235,144,14),(236,144,15),(237,145,14),(238,145,15),(239,146,10),(240,146,14),(241,146,18),(242,147,8),(243,147,10),(244,148,8),(245,148,10),(246,149,9),(247,149,11),(248,149,12),(249,150,8),(250,150,11),(251,150,12),(252,151,3),(253,151,6),(254,152,4),(255,152,5),(256,152,11),(257,153,4),(258,154,4),(259,157,4),(260,157,5),(261,158,10),(262,158,11),(263,159,5),(264,160,15),(265,161,3),(266,161,4),(267,161,9),(268,162,3),(269,164,3),(270,164,8),(271,166,8),(272,167,5),(273,167,7),(274,168,10),(275,168,11),(276,168,14),(277,169,8),(278,170,3),(279,170,8),(280,170,12),(281,171,9),(282,171,10),(283,171,11),(284,172,9),(285,172,15),(286,173,15),(287,175,12),(288,175,14),(289,175,16),(290,176,11),(291,176,12),(292,176,13),(293,177,8),(294,177,10),(295,178,7),(296,178,11),(297,179,5),(298,181,15),(299,182,14),(300,182,18),(301,183,10),(302,183,11),(303,183,14),(304,184,5),(305,184,11),(306,184,12),(307,185,9),(308,186,6),(309,187,4),(310,187,5),(311,188,2),(312,189,4),(313,189,6),(314,189,8),(315,191,10),(316,191,13),(317,192,3),(318,192,10),(319,192,13),(320,193,3),(321,193,8),(322,193,12),(323,197,3),(324,197,6),(325,197,10),(326,198,5),(327,198,11),(328,198,12),(329,199,13),(330,199,14),(331,200,11),(332,200,12),(333,200,14),(334,202,15),(335,204,4),(336,204,12),(337,209,10),(338,209,11),(339,209,12),(340,210,13),(341,210,14),(342,210,15),(343,211,13),(344,211,14),(345,211,18),(346,212,8),(347,212,12),(348,212,15),(349,213,12),(350,213,13),(351,213,15),(352,214,11),(353,214,13),(354,214,14),(355,216,8),(356,216,9),(357,216,10);
/*!40000 ALTER TABLE `player_positions` ENABLE KEYS */;
UNLOCK TABLES;

--
-- Table structure for table `player_seasons`
--

DROP TABLE IF EXISTS `player_seasons`;
CREATE TABLE `player_seasons` (
  `id` int(11) NOT NULL auto_increment,
  `player_id` int(11) NOT NULL,
  `season_id` int(11) NOT NULL,
  `order_number` int(11) NOT NULL,
  `on_loan` tinyint(1) NOT NULL default '0',
  `is_hot` tinyint(1) NOT NULL default '0',
  `is_disabled` tinyint(1) NOT NULL default '0',
  `disabled_until` date default NULL,
  `diagnosis` varchar(255) collate utf8_unicode_ci default NULL,
  PRIMARY KEY  (`id`),
  UNIQUE KEY `index_player_seasons_on_season_id_and_order_number` (`season_id`,`order_number`),
  KEY `fk_player_seasons_players` (`player_id`),
  CONSTRAINT `fk_player_seasons_players` FOREIGN KEY (`player_id`) REFERENCES `players` (`id`)
) ENGINE=InnoDB AUTO_INCREMENT=563 DEFAULT CHARSET=utf8 COLLATE=utf8_unicode_ci;

--
-- Dumping data for table `player_seasons`
--

LOCK TABLES `player_seasons` WRITE;
/*!40000 ALTER TABLE `player_seasons` DISABLE KEYS */;
INSERT INTO `player_seasons` VALUES (1,1,1,1,0,0,0,NULL,NULL),(2,2,1,2,0,0,0,NULL,NULL),(3,3,1,3,0,0,0,NULL,NULL),(4,4,1,4,0,0,0,NULL,NULL),(5,5,1,5,0,0,0,NULL,NULL),(6,6,1,6,0,0,0,NULL,NULL),(7,7,1,7,0,0,0,NULL,NULL),(8,8,1,8,0,0,0,NULL,NULL),(9,9,1,9,0,0,0,NULL,NULL),(10,10,1,10,0,0,0,NULL,NULL),(11,11,1,11,0,0,0,NULL,NULL),(12,12,1,12,0,0,0,NULL,NULL),(13,13,1,13,0,0,0,NULL,NULL),(14,14,1,14,0,0,0,NULL,NULL),(15,15,1,15,0,0,0,NULL,NULL),(16,16,1,16,0,0,0,NULL,NULL),(17,17,1,17,0,0,0,NULL,NULL),(18,18,1,18,0,0,0,NULL,NULL),(19,19,1,19,0,0,0,NULL,NULL),(20,20,1,20,0,0,0,NULL,NULL),(21,21,1,21,0,0,0,NULL,NULL),(22,22,1,22,0,0,0,NULL,NULL),(23,23,1,23,0,0,0,NULL,NULL),(24,24,1,24,0,0,0,NULL,NULL),(25,25,1,25,0,0,0,NULL,NULL),(26,26,1,26,0,0,0,NULL,NULL),(27,27,1,27,0,0,0,NULL,NULL),(28,28,1,28,0,0,0,NULL,NULL),(29,29,1,29,0,0,0,NULL,NULL),(30,30,1,30,0,0,0,NULL,NULL),(31,31,1,31,0,0,0,NULL,NULL),(32,32,1,32,0,0,0,NULL,NULL),(33,33,1,33,0,0,0,NULL,NULL),(34,34,1,34,0,0,0,NULL,NULL),(35,35,1,35,0,0,0,NULL,NULL),(36,36,1,36,0,0,0,NULL,NULL),(37,37,1,37,0,0,0,NULL,NULL),(38,38,1,38,0,0,0,NULL,NULL),(39,1,2,1,0,0,0,NULL,NULL),(40,2,2,2,0,0,0,NULL,NULL),(41,3,2,3,0,0,0,NULL,NULL),(42,4,2,4,0,0,0,NULL,NULL),(43,5,2,5,0,0,0,NULL,NULL),(44,6,2,6,0,0,0,NULL,NULL),(45,7,2,7,0,0,0,NULL,NULL),(46,8,2,8,0,0,0,NULL,NULL),(47,9,2,9,0,0,0,NULL,NULL),(48,10,2,10,0,0,0,NULL,NULL),(49,11,2,11,0,0,0,NULL,NULL),(50,12,2,12,0,0,0,NULL,NULL),(51,13,2,13,0,0,0,NULL,NULL),(52,14,2,14,0,0,0,NULL,NULL),(53,15,2,15,0,0,0,NULL,NULL),(54,16,2,16,0,0,0,NULL,NULL),(55,17,2,17,0,0,0,NULL,NULL),(56,18,2,18,0,0,0,NULL,NULL),(57,19,2,19,0,0,0,NULL,NULL),(58,20,2,20,0,0,0,NULL,NULL),(59,21,2,21,0,0,0,NULL,NULL),(60,22,2,22,0,0,0,NULL,NULL),(61,23,2,23,0,0,0,NULL,NULL),(62,24,2,24,0,0,0,NULL,NULL),(63,25,2,25,0,0,0,NULL,NULL),(64,26,2,26,0,0,0,NULL,NULL),(65,27,2,27,0,0,0,NULL,NULL),(66,28,2,28,0,0,0,NULL,NULL),(67,29,2,29,0,0,0,NULL,NULL),(68,30,2,30,0,0,0,NULL,NULL),(69,31,2,32,0,0,0,NULL,NULL),(70,32,2,33,0,0,0,NULL,NULL),(71,33,2,34,0,0,0,NULL,NULL),(72,34,2,35,0,0,0,NULL,NULL),(73,35,2,36,0,0,0,NULL,NULL),(74,36,2,37,0,0,0,NULL,NULL),(75,37,2,38,0,0,0,NULL,NULL),(76,38,2,39,0,0,0,NULL,NULL),(77,39,2,31,0,0,0,NULL,NULL),(78,40,7,1,0,0,0,NULL,NULL),(79,41,7,2,0,0,0,NULL,NULL),(80,42,7,3,0,0,0,NULL,NULL),(81,43,7,17,0,0,0,NULL,NULL),(82,44,7,5,0,0,0,NULL,NULL),(83,45,7,13,0,0,0,NULL,NULL),(84,46,7,7,0,0,0,NULL,NULL),(85,47,7,15,0,0,0,NULL,NULL),(86,48,7,8,0,0,0,NULL,NULL),(87,49,7,12,0,0,0,NULL,NULL),(88,50,7,6,0,0,0,NULL,NULL),(89,51,7,18,0,0,0,NULL,NULL),(90,52,7,16,0,0,0,NULL,NULL),(91,53,7,4,0,0,0,NULL,NULL),(92,54,7,14,0,0,0,NULL,NULL),(93,55,7,9,0,0,0,NULL,NULL),(94,56,7,10,0,0,0,NULL,NULL),(95,57,7,11,0,0,0,NULL,NULL),(96,58,7,24,0,0,0,NULL,NULL),(97,59,7,19,0,0,0,NULL,NULL),(98,60,7,25,0,0,0,NULL,NULL),(99,61,7,23,0,0,0,NULL,NULL),(100,62,7,26,0,0,0,NULL,NULL),(101,63,7,27,0,0,0,NULL,NULL),(102,64,7,28,0,0,0,NULL,NULL),(103,65,7,29,0,0,0,NULL,NULL),(104,66,7,30,0,0,0,NULL,NULL),(105,67,7,31,0,0,0,NULL,NULL),(106,68,7,32,0,0,0,NULL,NULL),(107,69,7,33,0,0,0,NULL,NULL),(108,70,7,34,0,0,0,NULL,NULL),(109,71,7,22,0,0,0,NULL,NULL),(110,72,7,20,0,0,0,NULL,NULL),(111,73,7,21,0,0,0,NULL,NULL),(112,40,9,1,0,0,0,NULL,NULL),(113,41,9,2,0,0,0,NULL,NULL),(114,42,9,17,0,0,0,NULL,NULL),(115,53,9,3,0,0,0,NULL,NULL),(116,44,9,5,0,0,0,NULL,NULL),(117,50,9,6,0,0,0,NULL,NULL),(118,46,9,8,0,0,0,NULL,NULL),(119,48,9,7,0,0,0,NULL,NULL),(120,55,9,9,0,0,0,NULL,NULL),(121,56,9,10,0,0,0,NULL,NULL),(123,49,9,11,0,0,0,NULL,NULL),(124,45,9,14,0,0,0,NULL,NULL),(125,54,9,13,0,0,0,NULL,NULL),(126,47,9,15,0,0,0,NULL,NULL),(127,52,9,16,0,0,0,NULL,NULL),(128,43,9,4,0,0,0,NULL,NULL),(130,59,9,12,0,0,0,NULL,NULL),(131,72,9,21,0,0,0,NULL,NULL),(132,73,9,22,0,0,0,NULL,NULL),(133,71,9,23,0,0,0,NULL,NULL),(135,58,9,24,0,0,0,NULL,NULL),(136,60,9,25,0,0,0,NULL,NULL),(137,62,9,29,0,0,0,NULL,NULL),(138,63,9,27,0,0,0,NULL,NULL),(139,64,9,28,0,0,0,NULL,NULL),(140,65,9,31,0,0,0,NULL,NULL),(141,66,9,35,1,0,0,NULL,NULL),(142,67,9,36,1,0,0,NULL,NULL),(143,68,9,32,1,0,0,NULL,NULL),(144,69,9,37,1,0,0,NULL,NULL),(145,70,9,33,1,0,0,NULL,NULL),(146,74,9,19,0,0,0,NULL,NULL),(147,75,9,34,1,0,0,NULL,NULL),(148,76,9,20,0,0,0,NULL,NULL),(149,77,9,30,0,0,0,NULL,NULL),(150,78,9,26,0,0,0,NULL,NULL),(151,79,9,38,0,0,0,NULL,NULL),(152,40,12,1,0,0,0,NULL,NULL),(153,41,12,2,0,0,0,NULL,NULL),(154,53,12,3,0,0,0,NULL,NULL),(155,43,12,4,0,0,0,NULL,NULL),(156,44,12,5,0,0,0,NULL,NULL),(157,50,12,6,0,0,0,NULL,NULL),(158,48,12,7,0,0,0,NULL,NULL),(159,46,12,8,0,0,0,NULL,NULL),(160,55,12,9,0,0,0,NULL,NULL),(161,56,12,10,0,0,0,NULL,NULL),(162,49,12,11,0,0,0,NULL,NULL),(163,59,12,12,0,0,0,NULL,NULL),(164,54,12,13,0,0,0,NULL,NULL),(165,45,12,22,0,0,0,NULL,NULL),(166,47,12,15,0,0,0,NULL,NULL),(167,52,12,16,0,0,0,NULL,NULL),(168,42,12,17,0,0,0,NULL,NULL),(169,74,12,20,0,0,0,NULL,NULL),(170,76,12,21,0,0,0,NULL,NULL),(171,72,12,14,0,0,0,NULL,NULL),(172,73,12,23,0,0,0,NULL,NULL),(173,71,12,24,0,0,0,NULL,NULL),(174,58,12,26,0,0,0,NULL,NULL),(175,60,12,28,0,0,0,NULL,NULL),(176,78,12,19,0,0,0,NULL,NULL),(177,63,12,25,0,0,0,NULL,NULL),(178,64,12,29,0,0,0,NULL,NULL),(179,62,12,31,0,0,0,NULL,NULL),(180,77,12,30,0,0,0,NULL,NULL),(181,65,12,33,0,0,0,NULL,NULL),(182,68,12,34,0,0,0,NULL,NULL),(183,70,12,38,1,0,0,NULL,NULL),(184,75,12,36,0,0,0,NULL,NULL),(186,67,12,32,0,0,0,NULL,NULL),(187,69,12,37,1,0,0,NULL,NULL),(188,79,12,27,0,0,0,NULL,NULL),(189,81,13,1,0,0,0,NULL,NULL),(190,82,13,2,0,0,0,NULL,NULL),(191,83,13,3,0,0,0,NULL,NULL),(192,84,13,4,0,0,0,NULL,NULL),(193,85,13,5,0,0,0,NULL,NULL),(194,86,13,6,0,0,0,NULL,NULL),(195,87,13,7,0,0,0,NULL,NULL),(196,88,13,8,0,0,0,NULL,NULL),(197,89,13,9,0,0,0,NULL,NULL),(198,90,13,12,0,0,0,NULL,NULL),(199,91,13,11,0,0,0,NULL,NULL),(206,98,13,18,0,0,0,NULL,NULL),(207,99,13,14,0,0,0,NULL,NULL),(208,100,13,30,0,0,0,NULL,NULL),(209,101,13,25,0,0,0,NULL,NULL),(210,102,13,37,0,0,0,NULL,NULL),(211,103,13,20,0,0,0,NULL,NULL),(212,104,13,23,0,0,0,NULL,NULL),(213,105,13,10,0,0,0,NULL,NULL),(214,106,13,21,0,0,0,NULL,NULL),(215,107,13,22,0,0,0,NULL,NULL),(216,108,13,36,0,0,0,NULL,NULL),(217,109,13,38,0,0,0,NULL,NULL),(218,110,13,24,0,0,0,NULL,NULL),(219,111,13,16,0,0,0,NULL,NULL),(220,112,13,13,0,0,0,NULL,NULL),(221,113,13,15,0,0,0,NULL,NULL),(222,114,13,27,0,0,0,NULL,NULL),(223,115,13,28,0,0,0,NULL,NULL),(224,116,13,34,0,0,0,NULL,NULL),(225,117,13,35,0,0,0,NULL,NULL),(226,118,13,19,0,0,0,NULL,NULL),(227,119,13,29,0,0,0,NULL,NULL),(228,120,13,26,0,0,0,NULL,NULL),(229,121,13,31,0,0,0,NULL,NULL),(230,122,13,17,0,0,0,NULL,NULL),(231,123,13,32,0,0,0,NULL,NULL),(232,124,13,33,0,0,0,NULL,NULL),(233,125,16,1,0,0,1,'2011-05-28',NULL),(234,126,16,2,0,0,0,'2010-11-03',NULL),(235,127,16,3,0,0,0,'2010-09-09',NULL),(236,128,16,4,0,0,0,NULL,NULL),(237,129,16,5,0,0,0,'2011-03-12',NULL),(238,130,16,6,0,0,0,'2011-03-30',NULL),(239,131,16,7,0,0,0,NULL,NULL),(240,132,16,8,0,0,0,'2011-04-14',NULL),(241,133,16,9,0,0,0,'2011-03-29',NULL),(242,134,16,10,0,0,0,'2010-11-02',NULL),(243,135,16,11,0,0,0,NULL,NULL),(244,136,16,12,0,0,0,NULL,NULL),(245,137,16,13,0,0,1,'2011-05-27',NULL),(246,138,16,14,0,0,0,'2011-02-24',NULL),(247,139,16,15,0,0,1,'2011-06-09',NULL),(248,140,16,16,0,0,0,'2011-03-14',NULL),(249,141,16,17,0,0,0,'2011-03-26',NULL),(250,142,16,18,0,0,0,'2011-02-11',NULL),(251,143,16,19,0,0,0,NULL,NULL),(253,145,16,21,0,0,0,'2010-10-25',NULL),(254,146,16,22,0,0,0,'2010-09-19',NULL),(256,148,16,26,0,0,0,'2010-10-18',NULL),(257,149,16,25,0,0,0,'2010-10-21',NULL),(258,150,16,24,0,0,0,'2011-05-12',NULL),(259,151,16,27,0,0,0,'2010-10-10',NULL),(260,152,16,28,0,0,0,NULL,NULL),(261,153,16,29,0,0,0,'2011-04-13',NULL),(262,154,16,30,0,0,0,'2010-10-01',NULL),(264,156,16,38,0,0,0,NULL,NULL),(265,157,16,32,0,0,0,'2010-10-21',NULL),(266,158,16,34,0,0,0,NULL,NULL),(267,159,16,35,0,0,0,'2011-01-10',NULL),(268,160,16,36,0,0,0,NULL,NULL),(270,162,16,37,0,0,0,NULL,NULL),(271,163,17,1,0,0,0,NULL,NULL),(272,164,17,2,0,0,0,NULL,NULL),(273,165,17,3,0,0,0,NULL,NULL),(274,166,17,4,0,0,0,NULL,NULL),(275,167,17,5,0,0,0,NULL,NULL),(276,168,17,7,0,0,0,NULL,NULL),(277,169,17,15,0,0,0,NULL,NULL),(278,170,17,6,0,0,0,NULL,NULL),(279,171,17,8,0,0,0,NULL,NULL),(280,172,17,9,0,0,0,NULL,NULL),(281,173,17,19,0,0,0,NULL,NULL),(282,174,17,11,0,0,0,NULL,NULL),(283,175,17,13,0,0,0,NULL,NULL),(284,176,17,21,0,0,0,NULL,NULL),(285,177,17,14,0,0,0,NULL,NULL),(286,178,17,16,0,0,0,NULL,NULL),(287,179,17,17,0,0,0,NULL,NULL),(288,180,17,18,0,0,0,NULL,NULL),(289,181,17,10,0,0,0,NULL,NULL),(290,182,17,12,0,0,0,NULL,NULL),(291,183,17,20,0,0,0,NULL,NULL),(292,184,17,22,0,0,0,NULL,NULL),(293,185,17,23,0,0,0,NULL,NULL),(294,186,17,24,0,0,0,NULL,NULL),(295,187,17,26,0,0,0,NULL,NULL),(296,188,17,27,0,0,0,NULL,NULL),(297,189,17,25,0,0,0,NULL,NULL),(298,190,17,28,0,0,0,NULL,NULL),(299,191,17,29,0,0,0,NULL,NULL),(300,192,17,30,0,0,0,NULL,NULL),(301,193,17,31,0,0,0,NULL,NULL),(302,194,17,32,0,0,0,NULL,NULL),(303,195,17,33,0,0,0,NULL,NULL),(304,196,17,34,0,0,0,NULL,NULL),(305,197,17,35,0,0,0,NULL,NULL),(348,163,23,1,0,0,0,NULL,NULL),(349,164,23,2,0,0,0,NULL,NULL),(350,165,23,3,0,0,0,NULL,NULL),(351,179,23,4,0,0,0,NULL,NULL),(352,167,23,5,0,0,0,NULL,NULL),(353,168,23,6,0,0,0,NULL,NULL),(354,169,23,7,0,0,0,NULL,NULL),(355,170,23,8,0,0,0,NULL,NULL),(356,171,23,9,0,0,0,NULL,NULL),(357,172,23,10,0,0,0,NULL,NULL),(358,174,23,11,0,0,0,NULL,NULL),(359,181,23,12,0,0,0,NULL,NULL),(360,175,23,13,0,0,0,NULL,NULL),(361,177,23,14,0,0,0,NULL,NULL),(362,184,23,15,0,0,0,NULL,NULL),(363,178,23,16,0,0,0,NULL,NULL),(364,187,23,17,0,0,0,NULL,NULL),(365,180,23,18,0,0,0,NULL,NULL),(366,173,23,19,0,0,0,NULL,NULL),(367,182,23,20,0,0,0,NULL,NULL),(368,183,23,21,0,0,0,NULL,NULL),(369,176,23,22,0,0,0,NULL,NULL),(370,185,23,23,0,0,0,NULL,NULL),(371,186,23,24,0,0,0,NULL,NULL),(372,189,23,25,0,0,0,NULL,NULL),(373,166,23,26,0,0,0,NULL,NULL),(374,188,23,27,0,0,0,NULL,NULL),(375,194,23,29,0,0,0,NULL,NULL),(376,198,23,30,0,0,0,NULL,NULL),(377,191,23,31,0,0,0,NULL,NULL),(378,192,23,32,0,0,0,NULL,NULL),(379,204,23,33,0,0,0,NULL,NULL),(380,193,23,34,0,0,0,NULL,NULL),(381,199,23,35,0,0,0,NULL,NULL),(382,200,23,36,0,0,0,NULL,NULL),(383,201,23,37,0,0,0,NULL,NULL),(384,202,23,38,0,0,0,NULL,NULL),(385,196,23,39,0,0,0,NULL,NULL),(386,203,23,40,1,0,0,NULL,NULL),(387,195,23,41,1,0,0,NULL,NULL),(388,197,23,42,1,0,0,NULL,NULL),(389,163,18,1,0,0,0,NULL,NULL),(390,164,18,2,0,0,0,NULL,NULL),(391,165,18,3,0,1,0,NULL,NULL),(392,179,18,4,0,0,0,NULL,NULL),(393,167,18,5,0,0,0,NULL,NULL),(394,168,18,6,0,0,0,NULL,NULL),(395,169,18,7,0,0,0,NULL,NULL),(396,170,18,8,0,0,0,NULL,NULL),(397,171,18,9,0,0,0,NULL,NULL),(398,172,18,10,0,0,0,NULL,NULL),(399,174,18,11,0,0,0,NULL,NULL),(400,181,18,12,0,0,0,NULL,NULL),(401,175,18,13,0,0,0,NULL,NULL),(402,177,18,14,0,0,0,NULL,NULL),(403,184,18,15,0,0,0,NULL,NULL),(404,178,18,16,0,0,0,NULL,NULL),(405,187,18,17,0,0,0,NULL,NULL),(406,180,18,18,0,0,0,NULL,NULL),(407,173,18,19,0,0,0,NULL,NULL),(408,182,18,20,0,0,0,NULL,NULL),(409,183,18,21,0,0,0,NULL,NULL),(410,176,18,22,0,0,0,NULL,NULL),(411,185,18,23,0,0,0,NULL,NULL),(412,186,18,24,0,0,0,NULL,NULL),(413,189,18,25,0,0,0,NULL,NULL),(414,166,18,26,0,0,0,NULL,NULL),(415,188,18,27,0,0,0,NULL,NULL),(416,194,18,29,0,0,0,NULL,NULL),(417,198,18,30,0,0,0,NULL,NULL),(418,191,18,31,0,0,0,NULL,NULL),(419,192,18,32,0,0,0,NULL,NULL),(420,204,18,33,0,0,0,NULL,NULL),(421,193,18,34,0,0,0,NULL,NULL),(422,199,18,35,0,0,0,NULL,NULL),(423,200,18,36,0,0,0,NULL,NULL),(424,201,18,37,0,0,0,NULL,NULL),(425,202,18,38,0,0,0,NULL,NULL),(426,196,18,39,0,0,0,NULL,NULL),(427,203,18,40,1,0,0,NULL,NULL),(428,195,18,41,1,0,0,NULL,NULL),(429,197,18,42,1,0,0,NULL,NULL),(430,163,25,1,0,0,0,NULL,NULL),(431,164,25,2,0,0,0,NULL,NULL),(432,165,25,3,0,1,0,NULL,NULL),(433,179,25,4,0,0,0,NULL,NULL),(434,167,25,5,0,0,0,NULL,NULL),(435,168,25,6,0,0,0,NULL,NULL),(436,169,25,7,0,0,0,NULL,NULL),(437,170,25,8,0,0,0,NULL,NULL),(438,171,25,9,0,0,0,NULL,NULL),(439,172,25,10,0,0,0,NULL,NULL),(440,174,25,11,0,0,0,NULL,NULL),(441,181,25,12,0,0,0,NULL,NULL),(442,175,25,13,0,0,0,NULL,NULL),(443,177,25,14,0,0,0,NULL,NULL),(444,184,25,15,0,0,0,NULL,NULL),(445,178,25,16,0,0,0,NULL,NULL),(446,187,25,17,0,0,0,NULL,NULL),(447,180,25,18,0,0,0,NULL,NULL),(448,173,25,19,0,0,0,NULL,NULL),(449,182,25,20,0,0,0,NULL,NULL),(450,183,25,21,0,0,0,NULL,NULL),(451,176,25,22,0,0,0,NULL,NULL),(452,185,25,23,0,0,0,NULL,NULL),(453,186,25,24,0,0,0,NULL,NULL),(454,189,25,25,0,0,0,NULL,NULL),(455,166,25,26,0,0,0,NULL,NULL),(456,188,25,27,0,0,0,NULL,NULL),(457,194,25,29,0,0,0,NULL,NULL),(458,198,25,30,0,0,0,NULL,NULL),(459,191,25,31,0,0,0,NULL,NULL),(460,192,25,32,0,0,0,NULL,NULL),(461,204,25,33,0,0,0,NULL,NULL),(462,193,25,34,0,0,0,NULL,NULL),(463,199,25,35,0,0,0,NULL,NULL),(464,200,25,36,0,0,0,NULL,NULL),(465,201,25,37,0,0,0,NULL,NULL),(466,202,25,38,0,0,0,NULL,NULL),(467,196,25,39,0,0,0,NULL,NULL),(468,203,25,40,1,0,0,NULL,NULL),(469,195,25,41,1,0,0,NULL,NULL),(470,197,25,42,1,0,0,NULL,NULL),(471,163,26,1,0,0,0,NULL,NULL),(472,164,26,2,0,0,0,NULL,NULL),(473,165,26,3,0,1,0,NULL,NULL),(474,179,26,4,0,0,0,NULL,NULL),(475,167,26,5,0,0,0,NULL,NULL),(476,168,26,6,0,0,0,NULL,NULL),(477,169,26,7,0,0,0,NULL,NULL),(478,170,26,8,0,0,0,NULL,NULL),(479,171,26,9,0,0,0,NULL,NULL),(480,172,26,10,0,0,0,NULL,NULL),(481,174,26,11,0,0,0,NULL,NULL),(482,181,26,12,0,0,0,NULL,NULL),(483,175,26,13,0,0,0,NULL,NULL),(484,177,26,14,0,0,0,NULL,NULL),(485,184,26,15,0,0,0,NULL,NULL),(486,178,26,16,0,0,0,NULL,NULL),(487,187,26,17,0,0,0,NULL,NULL),(488,180,26,18,0,0,0,NULL,NULL),(489,173,26,19,0,0,0,NULL,NULL),(490,182,26,20,0,0,0,NULL,NULL),(491,183,26,21,0,0,0,NULL,NULL),(492,176,26,22,0,0,0,NULL,NULL),(493,185,26,23,0,0,0,NULL,NULL),(494,186,26,24,0,0,0,NULL,NULL),(495,189,26,25,0,0,0,NULL,NULL),(496,166,26,26,0,0,0,NULL,NULL),(497,188,26,27,0,0,0,NULL,NULL),(498,194,26,29,0,0,0,NULL,NULL),(499,198,26,30,0,0,0,NULL,NULL),(500,191,26,31,0,0,0,NULL,NULL),(501,192,26,32,0,0,0,NULL,NULL),(502,204,26,33,0,0,0,NULL,NULL),(503,193,26,34,0,0,0,NULL,NULL),(504,199,26,35,0,0,0,NULL,NULL),(505,200,26,36,0,0,0,NULL,NULL),(506,201,26,37,0,0,0,NULL,NULL),(507,202,26,38,0,0,0,NULL,NULL),(508,196,26,39,0,0,0,NULL,NULL),(509,203,26,40,1,0,0,NULL,NULL),(510,195,26,41,1,0,0,NULL,NULL),(511,197,26,42,1,0,0,NULL,NULL),(512,208,16,33,0,0,1,'2011-06-05',NULL),(513,209,16,39,1,0,0,NULL,NULL),(514,210,16,40,1,0,0,NULL,NULL),(515,211,16,41,1,0,0,NULL,NULL),(516,212,16,42,1,0,0,NULL,NULL),(517,213,16,43,0,0,0,NULL,NULL),(518,214,16,44,0,0,0,NULL,NULL),(519,215,16,45,0,0,0,NULL,NULL),(520,125,24,1,0,0,0,'2011-10-07',NULL),(521,126,24,2,0,0,0,'2010-11-03',NULL),(522,127,24,3,0,0,0,'2011-10-07',NULL),(523,128,24,4,0,0,0,'2011-10-10',NULL),(524,129,24,5,0,0,0,'2011-03-12',NULL),(525,130,24,6,0,0,0,'2011-08-02',NULL),(526,131,24,7,0,0,0,'2011-10-06',NULL),(527,132,24,8,0,0,0,'2011-04-14',NULL),(528,133,24,9,0,0,0,'2011-09-26',NULL),(529,134,24,10,0,0,0,'2011-09-18',NULL),(530,135,24,11,0,1,0,'2011-08-28',NULL),(531,136,24,12,0,0,0,'2011-08-20',NULL),(532,137,24,13,0,0,1,'2011-10-09',NULL),(533,138,24,14,0,0,0,'2011-02-24',NULL),(534,139,24,15,0,0,0,'2011-09-25',NULL),(535,140,24,29,0,0,0,'2011-03-14',NULL),(536,141,24,17,0,0,0,'2011-03-26',NULL),(537,142,24,18,0,0,0,'2011-02-11',NULL),(538,143,24,19,0,0,0,NULL,NULL),(539,145,24,22,0,0,0,'2010-10-25',NULL),(540,146,24,24,0,0,0,'2010-09-19',NULL),(541,150,24,25,0,0,0,'2011-05-12',NULL),(542,149,24,26,0,0,0,'2011-11-02',NULL),(543,148,24,28,0,0,0,'2010-10-18',NULL),(545,152,24,30,0,0,0,NULL,NULL),(547,154,24,33,0,0,0,'2010-10-01',NULL),(548,157,24,34,0,0,0,'2011-10-02',NULL),(549,208,24,35,0,0,0,'2011-06-05',NULL),(550,158,24,38,0,1,0,NULL,NULL),(551,159,24,39,0,1,0,'2011-01-10',NULL),(552,160,24,44,1,0,0,NULL,NULL),(553,162,24,46,1,0,0,NULL,NULL),(554,156,24,40,0,1,0,NULL,NULL),(555,209,24,37,0,0,0,NULL,NULL),(556,210,24,21,0,0,0,'2011-08-30',NULL),(557,211,24,36,0,0,0,NULL,NULL),(558,212,24,43,1,0,0,NULL,NULL),(559,213,24,42,1,0,0,NULL,NULL),(560,214,24,41,0,1,0,NULL,NULL),(561,215,24,45,1,0,0,NULL,NULL),(562,216,24,16,0,0,0,NULL,NULL);
/*!40000 ALTER TABLE `player_seasons` ENABLE KEYS */;
UNLOCK TABLES;

--
-- Table structure for table `players`
--

DROP TABLE IF EXISTS `players`;
CREATE TABLE `players` (
  `id` int(11) NOT NULL auto_increment,
  `name` varchar(255) collate utf8_unicode_ci NOT NULL,
  `first_name` varchar(255) collate utf8_unicode_ci default NULL,
  `number` int(11) NOT NULL,
  `position_id` int(11) NOT NULL,
  `skill_move` int(11) NOT NULL,
  `is_right_dominant` tinyint(1) NOT NULL,
  `both_feet_level` int(11) NOT NULL,
  `height` int(11) NOT NULL,
  `weight` int(11) NOT NULL,
  `birth_year` int(11) NOT NULL,
  `nation_id` int(11) NOT NULL,
  `overall` int(11) NOT NULL,
  `market_value` int(11) default NULL,
  `note` varchar(255) collate utf8_unicode_ci default NULL,
  `wage` int(11) default NULL,
  `age_add_inj` int(11) default NULL,
  PRIMARY KEY  (`id`)
) ENGINE=InnoDB AUTO_INCREMENT=217 DEFAULT CHARSET=utf8 COLLATE=utf8_unicode_ci;

--
-- Dumping data for table `players`
--

LOCK TABLES `players` WRITE;
/*!40000 ALTER TABLE `players` DISABLE KEYS */;
INSERT INTO `players` VALUES (1,'Van Der Sar','Edwin',1,1,1,1,3,197,89,1971,11,83,8000,NULL,NULL,NULL),(2,'Neville','Gary',2,4,2,1,3,179,79,1975,4,76,2700,NULL,NULL,NULL),(3,'Ferdinand','Rio',5,3,2,1,3,192,82,1979,4,86,15550,NULL,NULL,NULL),(4,'Vidic','Nemanja',15,3,2,1,3,189,84,1982,17,89,17055,NULL,NULL,NULL),(5,'Evra','Patrice',3,7,2,0,2,175,76,1981,6,85,7100,NULL,NULL,NULL),(6,'Valencia','Antonio Luis',25,13,4,1,4,181,73,1985,5,82,12703,NULL,NULL,NULL),(7,'Scholes','Paul',18,9,3,1,3,170,74,1975,4,84,12000,NULL,NULL,NULL),(8,'Carrick','Michael',16,9,3,1,4,185,74,1981,4,85,10000,NULL,NULL,NULL),(9,'Giggs','Ryan',11,11,5,0,3,180,70,1974,19,83,10000,NULL,NULL,NULL),(10,'Rooney','Wayne',10,15,5,1,4,177,79,1986,4,89,34090,NULL,NULL,NULL),(11,'Berbatov','Dimitar',9,18,5,1,3,189,80,1981,3,86,15000,NULL,NULL,NULL),(12,'Owen','Michael',7,18,3,1,4,173,70,1980,4,78,5100,NULL,NULL,NULL),(13,'Nani','',17,14,5,1,4,175,66,1987,15,82,10000,NULL,NULL,NULL),(14,'Fletcher','Darren',24,9,3,1,3,184,83,1984,11,80,6400,NULL,NULL,NULL),(15,'Hargreaves','Owen',4,8,2,1,4,180,73,1981,4,83,7700,NULL,NULL,NULL),(16,'O\'Shea','John',22,4,2,1,3,190,75,1981,8,80,4500,NULL,NULL,NULL),(17,'J. Evans','Jonny',23,3,2,1,3,188,77,1988,18,78,4400,NULL,NULL,NULL),(18,'Foster','Ben',12,1,1,0,2,188,80,1983,4,77,3500,NULL,NULL,NULL),(19,'Anderson','',8,9,5,0,3,176,69,1988,2,81,6800,NULL,NULL,NULL),(20,'Park','Ji Sung',13,10,5,1,3,175,70,1981,15,80,5700,NULL,NULL,NULL),(21,'Welbeck','Danny',19,15,4,1,3,185,73,1991,4,75,5400,NULL,NULL,NULL),(22,'Macheda','Federico',27,18,2,1,3,184,77,1992,9,75,5400,NULL,NULL,NULL),(23,'Mabe','Thembinkosi',32,14,3,0,3,170,65,1991,18,71,3600,NULL,NULL,NULL),(24,'Rafael','Da Silva',21,6,4,1,4,172,69,1990,2,78,4100,NULL,NULL,NULL),(25,'Brown','Wes',6,3,2,1,3,185,75,1980,4,78,3900,NULL,NULL,NULL),(26,'Fabio','Da Silva',20,7,4,1,3,172,69,1990,2,74,2800,NULL,NULL,NULL),(27,'Kuszczak','Tomasz',29,1,1,1,2,190,84,1982,14,73,2300,NULL,NULL,NULL),(28,'Gibson','Darron',28,9,2,1,4,183,80,1988,8,73,3300,NULL,NULL,NULL),(29,'Tosic','Zoran',14,11,2,0,3,171,69,1987,17,76,4300,NULL,NULL,NULL),(30,'Obertan','Gabriel',26,13,5,1,4,186,80,1989,6,69,3400,NULL,NULL,NULL),(31,'Cathcart','Craig',37,3,2,1,2,188,73,1989,18,65,1300,NULL,NULL,NULL),(32,'De Laet','Ritchie',30,3,2,1,4,188,76,1989,1,66,1400,NULL,NULL,NULL),(33,'Eikrem','Magnus Wolff',51,9,2,1,3,179,69,1990,13,64,1300,NULL,NULL,NULL),(34,'Zieler','Ron-Robert',38,1,1,1,2,188,77,1989,7,62,880,NULL,NULL,NULL),(35,'Hewson','Sam',33,9,2,1,2,180,81,1989,4,61,990,NULL,NULL,NULL),(36,'C. Evans','Corry',31,8,2,1,3,181,74,1990,18,61,930,NULL,NULL,NULL),(37,'Bryan','Antonio',50,18,2,1,3,180,75,1990,4,60,1300,NULL,NULL,NULL),(38,'James','Matthew',47,9,2,1,3,175,75,1991,4,58,700,NULL,NULL,NULL),(39,'Habarugira','Valery',82,3,2,1,3,180,65,1989,20,64,1000,NULL,NULL,NULL),(40,'Gomes','',1,1,1,1,2,191,87,1981,2,81,3600,NULL,NULL,NULL),(41,'Corluka','Vedran',22,4,3,1,3,193,88,1986,62,82,4300,NULL,NULL,NULL),(42,'King','Ledley',26,3,2,1,3,188,91,1981,4,79,2800,NULL,NULL,NULL),(43,'Bassong','Sebastien',19,3,2,0,3,187,75,1987,6,81,4300,NULL,NULL,NULL),(44,'Assou-Ekotto','Benoit',32,5,2,0,4,178,69,1984,40,79,3300,NULL,NULL,NULL),(45,'Kranjcar','Niko',11,12,5,1,4,185,83,1985,62,80,6200,NULL,NULL,NULL),(46,'Palacios','Wilson',12,9,4,1,4,178,71,1985,61,80,4800,NULL,NULL,NULL),(47,'Huddlestone','Tom',6,9,3,1,3,190,94,1987,4,80,4800,NULL,NULL,NULL),(48,'Jenas','Jermaine',8,9,3,1,3,181,75,1983,4,80,4900,NULL,NULL,NULL),(49,'Defoe','Jermaine',18,18,5,1,3,171,65,1983,4,83,8800,NULL,NULL,NULL),(50,'Lennon','Aaron',7,13,5,1,3,165,72,1987,4,82,8200,NULL,NULL,NULL),(51,'Cudicini','Carlo',23,1,1,1,3,185,80,1974,9,77,2000,NULL,NULL,NULL),(52,'Hutton','Alan',2,4,2,1,3,185,72,1985,16,79,3500,NULL,NULL,NULL),(53,'Woodgate','Jonathan',39,3,2,1,3,189,80,1980,4,81,4900,NULL,NULL,NULL),(54,'Bentley','David',5,10,4,1,3,175,68,1985,4,82,6000,NULL,NULL,NULL),(55,'Modric','Luka',14,12,5,1,5,173,65,1986,62,86,9500,NULL,NULL,NULL),(56,'Crouch','Peter',15,18,3,1,3,201,79,1981,4,81,11000,NULL,NULL,NULL),(57,'Keane','Robbie',10,15,5,1,3,175,73,1981,8,83,7600,NULL,NULL,NULL),(58,'Bale','Gareth',3,5,3,0,3,183,74,1990,19,74,2100,NULL,NULL,NULL),(59,'Pavlyuchenko','Roman',9,18,4,1,3,188,78,1982,82,77,5000,NULL,NULL,NULL),(60,'Dawson','Michael',20,3,2,1,3,187,79,1984,4,77,3200,NULL,NULL,NULL),(61,'Dos Santos','Giovani',17,15,5,0,4,171,60,1989,73,76,4200,NULL,NULL,NULL),(62,'Bostock','John',41,9,3,0,4,173,71,1992,4,73,2500,NULL,NULL,NULL),(63,'Naughton','Kyle',16,4,2,1,4,180,76,1989,4,72,1900,NULL,NULL,NULL),(64,'Dervite','Dorian',30,3,2,1,3,192,85,1988,6,69,1500,NULL,NULL,NULL),(65,'Rose','Danny',25,14,2,0,2,179,76,1990,4,69,2500,NULL,NULL,NULL),(66,'Hamed','Radwan',48,18,2,1,2,183,85,1989,4,55,440,NULL,NULL,NULL),(67,'McKenna','Kieran',49,9,2,1,3,182,68,1986,12,67,1200,NULL,NULL,NULL),(68,'Smith','Adam',54,5,2,0,3,178,75,1991,4,64,800,NULL,NULL,NULL),(69,'Button','David',35,1,1,1,3,190,72,1989,4,63,710,NULL,NULL,NULL),(70,'Jansson','Oscar',52,1,1,1,3,188,75,1991,84,62,610,NULL,NULL,NULL),(71,'Jean Raphael','De Souza Andrade',88,12,3,1,3,178,68,1989,2,76,4000,NULL,NULL,NULL),(72,'Marlos','Mauricio e Silva',51,11,3,0,3,184,71,1988,2,80,4700,NULL,NULL,NULL),(73,'Thomas','Edgar',44,9,4,1,4,178,71,1991,61,79,4100,NULL,NULL,NULL),(74,'Ndabashinze','Valery',35,13,3,1,4,170,64,1990,20,70,2600,NULL,NULL,NULL),(75,'Butcher','Lee',13,1,1,1,3,185,77,1989,4,65,860,NULL,NULL,NULL),(76,'Sneijder','Jos',29,18,2,1,3,189,77,1990,11,66,1800,NULL,NULL,NULL),(77,'Filomeno','Marcelo Daniel',59,1,1,1,3,187,84,1989,27,73,1900,NULL,NULL,NULL),(78,'Santos','Nelson',3,1,1,1,3,174,74,1990,2,75,2100,NULL,NULL,NULL),(79,'Jimenez','Carlos Otermin',31,3,2,1,3,186,81,1990,22,79,3500,NULL,NULL,NULL),(80,'Jimenez','Carlos Otermin',31,3,2,1,3,186,81,1991,22,0,NULL,NULL,NULL,NULL),(81,'Narazaki','Seigo',1,1,1,1,3,185,79,1979,67,72,NULL,NULL,NULL,NULL),(82,'Uchida','Atsuto',6,6,2,1,3,177,61,1991,67,73,NULL,NULL,NULL,NULL),(83,'Nakazawa','Yuji',22,3,2,0,3,185,77,1981,67,69,NULL,NULL,NULL,NULL),(84,'Tulio','',4,3,2,1,3,183,81,1984,67,71,NULL,NULL,NULL,NULL),(85,'Abe','Yuki',2,8,2,1,3,175,74,1984,67,70,NULL,NULL,NULL,NULL),(86,'Hasebe','Makoto',17,9,3,1,3,175,71,1987,67,73,NULL,NULL,NULL,NULL),(87,'Endo','Yasuhito',7,9,3,1,3,175,74,1983,67,76,NULL,NULL,NULL,NULL),(88,'S. Nakamura','Shunsuke',10,10,4,0,4,175,66,1981,67,74,NULL,NULL,NULL,NULL),(89,'Matsui','Daisuke',8,12,4,0,4,173,66,1984,67,74,NULL,NULL,NULL,NULL),(90,'Okubo','Yoshito',16,18,2,1,3,165,60,1985,67,72,NULL,NULL,NULL,NULL),(91,'Tamada','Keiji',11,18,2,0,3,170,66,1983,67,74,NULL,NULL,NULL,NULL),(97,'abc','',40,1,1,1,1,170,70,1961,24,0,NULL,NULL,NULL,NULL),(98,'Tsuzuki','Ryota',12,1,1,1,3,185,81,1981,67,71,NULL,NULL,NULL,NULL),(99,'K. Nakamura','Kengo',14,9,2,1,4,175,66,1983,67,76,NULL,NULL,NULL,NULL),(100,'Tanaka','Tatsuya',33,18,2,1,3,173,64,1986,67,62,NULL,NULL,NULL,NULL),(101,'Nagatomo','Yuto',5,4,2,1,4,170,65,1989,67,65,NULL,NULL,NULL,NULL),(102,'Komano','Yuichi',43,4,2,1,3,170,71,1984,67,59,NULL,NULL,NULL,NULL),(103,'Okazaki','Shinji',9,18,2,1,3,173,70,1989,67,70,NULL,NULL,NULL,NULL),(104,'Konno','Yasuyuki',15,8,2,0,3,178,69,1986,67,68,NULL,NULL,NULL,NULL),(105,'Honda','Keisuke',18,12,2,0,3,183,74,1989,67,77,NULL,NULL,NULL,NULL),(106,'Maki','Seiichiro',19,18,2,1,3,183,77,1983,67,65,NULL,NULL,NULL,NULL),(107,'Hashimoto','Hideo',26,9,2,1,3,173,68,1982,67,67,NULL,NULL,NULL,NULL),(108,'Suzuki','Keita',41,8,2,0,4,178,67,1984,67,60,NULL,NULL,NULL,NULL),(109,'Kawaguchi','Yoshikatsu',23,1,1,1,3,178,78,1978,67,65,NULL,NULL,NULL,NULL),(110,'Kagawa','Shinji',43,11,2,1,3,173,65,1992,67,62,NULL,NULL,NULL,NULL),(111,'Yasuda','Michihiro',24,7,2,1,3,173,65,1991,67,70,NULL,NULL,NULL,NULL),(112,'Takahara','Naohiro',25,18,2,1,4,180,76,1982,67,71,NULL,NULL,NULL,NULL),(113,'Inamoto','Junichi',20,8,2,1,3,180,75,1982,67,72,NULL,NULL,NULL,NULL),(114,'Terada','Shuhei',27,3,2,1,3,188,91,1978,67,72,NULL,NULL,NULL,NULL),(115,'Takagi','Kazumichi',28,3,2,1,3,188,75,1983,67,72,NULL,NULL,NULL,NULL),(116,'Yamase','Koji',39,9,2,1,3,173,70,1984,67,60,NULL,NULL,NULL,NULL),(117,'Mizumoto','Hiroki',30,8,2,1,3,183,72,1988,67,60,NULL,NULL,NULL,NULL),(118,'Koroki','Shinzo',21,18,2,1,4,175,67,1989,67,70,NULL,NULL,NULL,NULL),(119,'Kawashima','Eiji',21,1,1,1,2,185,80,1986,67,68,NULL,NULL,NULL,NULL),(120,'Kaji','Akira',33,4,2,1,3,178,73,1983,67,70,NULL,NULL,NULL,NULL),(121,'Sato','Hisato',34,18,2,0,4,170,63,1985,67,62,NULL,NULL,NULL,NULL),(122,'Yamaguchi','Satoshi',3,3,2,1,3,178,74,1981,67,74,NULL,NULL,NULL,NULL),(123,'Yano','Kisho',36,18,2,1,3,185,76,1987,67,59,NULL,NULL,NULL,NULL),(124,'Hanyu','Naotake',37,9,2,1,3,168,63,1983,67,61,NULL,NULL,NULL,NULL),(125,'Van Der Sar','Edwin',1,1,1,1,3,198,89,1971,11,81,2700,'',26100,NULL),(126,'Rafael','Da Silva',21,4,3,1,4,173,69,1991,2,77,8500,'',23100,5),(127,'Ferdinand','Rio',5,3,2,1,3,193,82,1979,4,85,15000,'',95600,10),(128,'Vidic','Nemanja',15,3,2,1,3,188,84,1982,17,87,20900,'',117000,3),(129,'Evra','Patrice',3,7,4,0,2,175,76,1981,6,85,12000,'',89000,NULL),(130,'Nani','',17,14,5,1,4,175,66,1987,15,84,23200,'',67800,NULL),(131,'Fletcher','Darren',24,9,2,1,3,183,83,1984,16,82,14400,'',70400,NULL),(132,'Scholes','Paul',18,9,3,1,3,170,74,1975,4,79,8500,'',43900,NULL),(133,'Giggs','Ryan',11,11,3,0,3,180,70,1974,19,80,8100,'',43800,NULL),(134,'Berbatov','Dimitar',9,18,4,1,3,188,80,1981,3,83,9600,'',70500,NULL),(135,'Rooney','Wayne',10,18,3,1,4,178,79,1986,4,88,38500,'',133300,3),(136,'Hernandez','Javier',14,18,3,1,4,175,62,1988,73,79,15700,'',42900,NULL),(137,'Valencia','Antonio',25,13,4,1,3,180,73,1986,5,83,16800,'',51000,5),(138,'Carrick','Michael',16,9,2,1,4,185,74,1982,4,81,8100,'',55100,4),(139,'Hargreaves','Owen',4,8,2,1,4,180,73,1981,4,81,9000,'',51000,10),(140,'O\'Shea','John',22,4,2,1,3,191,75,1981,8,80,5400,'',43800,NULL),(141,'Evans','Johnny',23,3,2,1,3,188,77,1988,12,77,8500,'',21800,NULL),(142,'Kuszczak','Tomasz',29,1,1,1,2,191,84,1982,14,75,1000,'',18500,NULL),(143,'Owen','Michael',7,18,3,1,4,173,70,1980,4,77,9100,'',43700,NULL),(144,'Macheda','Federico',27,18,3,1,3,183,77,1992,9,74,NULL,NULL,NULL,NULL),(145,'Macheda','Federico',27,18,3,1,3,183,77,1992,9,74,5200,'',17700,NULL),(146,'Obertan','Gabriel',26,13,5,1,4,185,80,1989,6,75,7000,'',21600,NULL),(147,'Gibson','Darron',28,9,2,1,4,183,80,1988,8,75,NULL,NULL,NULL,NULL),(148,'Gibson','Darron',28,9,2,1,4,183,80,1988,8,75,6500,'',21200,NULL),(149,'Park','Ji-Sung',13,10,3,1,3,175,70,1981,10,77,5400,'',37300,5),(150,'Anderson','',8,9,3,0,3,175,69,1988,2,78,9100,'',29600,3),(151,'Neville','Gary',2,4,2,1,3,178,79,1975,4,75,2700,'',18500,NULL),(152,'Fabio','Da Silva',20,7,3,1,4,173,69,1991,2,74,4700,'',14500,NULL),(153,'Brown','Wes',6,3,2,1,3,185,75,1980,4,78,4100,'',34100,5),(154,'Smalling','Chris',12,3,2,1,3,193,81,1990,4,75,7500,'',19500,NULL),(155,'Amos','Ben',40,1,1,1,2,188,76,1990,4,62,NULL,NULL,NULL,NULL),(156,'Amos','Ben',40,1,1,1,2,188,76,1990,4,62,1100,'',3100,NULL),(157,'De Laet','Ritchie',30,3,2,1,4,188,76,1989,1,73,3700,'',13400,NULL),(158,'Eikrem','Magnus',42,9,3,1,3,178,69,1991,13,68,1600,'(Game Maker Type)',8100,NULL),(159,'Gill','Oliver',45,3,2,0,3,188,81,1991,4,67,1200,'',6600,NULL),(160,'Bebe','',33,18,2,1,3,191,75,1991,15,63,1500,'',5400,NULL),(161,'C. Evans','Cris',31,8,2,1,3,180,74,1991,12,57,NULL,NULL,NULL,NULL),(162,'Dudgeon','Joe',44,5,2,0,3,183,77,1991,4,57,900,'',2500,NULL),(163,'Gomes','',1,1,1,1,2,191,87,1981,2,83,3000,'',41300,NULL),(164,'Corluka','Vedran',22,4,3,1,3,193,88,1986,62,78,13000,'',20600,NULL),(165,'Dawson','Michael',20,3,2,1,3,188,79,1984,4,80,10300,'',41100,NULL),(166,'King','Ledley',26,3,2,1,4,188,91,1981,4,80,4900,'',41100,NULL),(167,'Bale','Gareth',3,11,4,0,4,183,74,1989,19,81,13000,'Long throw',31700,NULL),(168,'Lennon','Aaron',7,13,4,1,3,165,72,1987,4,82,20400,'',52300,NULL),(169,'Palacios','Wilson',12,9,2,1,4,178,71,1984,61,78,7900,'',31600,NULL),(170,'Huddlestone','Tom',6,9,3,1,4,191,94,1987,4,80,15300,'',35700,NULL),(171,'Modric','Luka',14,12,4,1,5,173,65,1986,62,82,17400,'',47600,NULL),(172,'Van Der Vaart','Rafael',11,12,4,0,4,175,74,1983,11,84,21700,'',93600,NULL),(173,'Crouch','Peter',15,18,3,1,3,201,79,1981,4,78,6300,'',39800,NULL),(174,'Defoe','Jermaine',18,18,2,1,3,170,65,1983,4,82,18000,'',71400,NULL),(175,'Dos Santos','Giovani',17,13,4,0,4,170,60,1989,73,78,9800,'',28300,NULL),(176,'Bentley','David',5,10,4,1,3,175,68,1985,4,78,7600,'No def.',34100,NULL),(177,'Jenas','Jermaine',8,9,3,1,3,180,75,1983,4,76,6700,'',36700,NULL),(178,'Assou-Ekotto','Benoit',32,5,2,0,4,178,69,1984,40,78,7200,'',20100,NULL),(179,'Bassong','Sebastien',19,3,2,0,3,188,75,1986,40,78,6900,'',16800,NULL),(180,'Cudicini','Carlo',23,1,1,1,2,185,80,1974,9,75,300,'',7200,NULL),(181,'Pavlyuchenko','Roman',9,18,3,1,4,188,78,1982,82,78,4400,'',34100,NULL),(182,'Keane','Robbie',10,15,3,1,3,175,73,1980,8,78,5700,'',36700,NULL),(183,'Kranjcar','Niko',21,12,3,1,4,185,83,1984,62,80,11700,'Weak def.',52900,NULL),(184,'O\'Hara','Jamie',24,9,3,0,2,180,78,1987,4,75,7500,'Fair def.',20100,NULL),(185,'Sandro','',30,8,3,1,3,188,75,1989,2,77,9100,'',17900,NULL),(186,'Hutton','Alan',2,4,2,1,3,185,72,1985,16,76,4500,'',16900,NULL),(187,'Gallas','Wiiliam',13,3,2,1,3,183,82,1977,6,81,8100,'',42000,NULL),(188,'Woodgate','Jonathan',39,3,2,1,3,188,80,1980,4,78,5400,'',29500,NULL),(189,'Kaboul','Younes',4,3,2,1,3,188,87,1986,6,77,7900,'',16800,NULL),(190,'Pletikosa','Stipe',37,1,1,0,3,193,88,1979,62,77,NULL,'',NULL,NULL),(191,'Naughton','Kyle',16,4,3,1,4,180,76,1989,4,71,2300,'',7800,NULL),(192,'Walker','Kyle',28,4,3,1,3,178,74,1990,4,70,2000,'',7600,NULL),(193,'Livermore','Jake',29,9,3,1,3,180,76,1990,4,68,1200,'',6900,NULL),(194,'Alnwick','Ben',27,1,1,1,3,188,87,1987,4,68,1100,'',3900,NULL),(195,'Butcher','Calum',41,3,2,1,3,188,82,1991,4,60,900,'',2500,NULL),(196,'Hamed','Radwan',46,18,2,1,2,183,85,1989,4,53,800,'Potential',2500,NULL),(197,'Smith','Alan',40,4,3,1,3,178,75,1991,4,54,800,'',2500,NULL),(198,'Rose','Danny',25,14,3,0,2,178,76,1990,4,71,3000,'',10200,NULL),(199,'Townsend','Andros',35,11,3,0,3,183,76,1991,4,67,1300,'',6600,NULL),(200,'Bostock','John',33,9,3,0,4,178,71,1992,4,68,1100,'',6900,NULL),(201,'Button','David',31,1,1,1,3,191,72,1989,4,63,1000,'',2500,NULL),(202,'Obika','Jonathan',34,18,3,1,3,183,77,1991,4,65,1200,'',7000,NULL),(203,'Parrett','Dean',36,9,2,1,3,175,72,1992,4,63,1100,'',4300,NULL),(204,'Smolnikov','Igor',36,10,2,1,3,178,70,1988,82,69,2300,'',8100,NULL),(205,'Kumagai','Yuya',99,1,3,1,3,170,51,1998,67,0,NULL,'',NULL,NULL),(206,'Yuya','',99,3,3,1,3,170,51,1997,67,0,NULL,'',NULL,NULL),(207,'Yuya','Kuma',98,18,3,1,2,170,55,1995,67,77,NULL,'',NULL,NULL),(208,'Gianello','Matteo',19,1,1,0,2,188,84,1976,9,69,50,'',5500,NULL),(209,'Cleverley','Tom',38,9,3,1,4,175,67,1989,4,72,4500,'',15900,NULL),(210,'Diouf','Mame Biram',36,18,3,1,3,183,77,1988,87,77,8200,'',28300,NULL),(211,'Welbeck','Danny',37,15,3,1,3,185,73,1991,4,70,2800,'',13400,NULL),(212,'James','Matthew',35,9,3,1,4,178,74,1991,4,67,1200,'Long Shot Taker',7900,NULL),(213,'King','Joshua',31,18,2,1,2,183,74,1992,13,67,1200,'Speed 85',8500,NULL),(214,'Stewart','Cameron',34,10,3,1,4,178,75,1991,4,66,1200,'Speed 84',7600,NULL),(215,'Chester','James',32,3,2,1,2,185,82,1989,4,63,900,'',4100,NULL),(216,'Torosidis','Vasilis',32,4,2,1,3,185,80,1985,59,80,10800,'Early Crosser',53300,NULL);
/*!40000 ALTER TABLE `players` ENABLE KEYS */;
UNLOCK TABLES;

--
-- Table structure for table `positions`
--

DROP TABLE IF EXISTS `positions`;
CREATE TABLE `positions` (
  `id` int(11) NOT NULL auto_increment,
  `name` varchar(255) collate utf8_unicode_ci NOT NULL,
  `category` varchar(255) collate utf8_unicode_ci NOT NULL,
  PRIMARY KEY  (`id`)
) ENGINE=InnoDB AUTO_INCREMENT=19 DEFAULT CHARSET=utf8 COLLATE=utf8_unicode_ci;

--
-- Dumping data for table `positions`
--

LOCK TABLES `positions` WRITE;
/*!40000 ALTER TABLE `positions` DISABLE KEYS */;
INSERT INTO `positions` VALUES (1,'GK','Goalkeeper'),(2,'SW','Defender'),(3,'CB','Defender'),(4,'RB','Defender'),(5,'LB','Defender'),(6,'RWB','Defender'),(7,'LWB','Defender'),(8,'CDM','Midfielder'),(9,'CM','Midfielder'),(10,'RM','Midfielder'),(11,'LM','Midfielder'),(12,'CAM','Midfielder'),(13,'RW','Forward'),(14,'LW','Forward'),(15,'CF','Forward'),(16,'RF','Forward'),(17,'LF','Forward'),(18,'ST','Forward');
/*!40000 ALTER TABLE `positions` ENABLE KEYS */;
UNLOCK TABLES;

--
-- Table structure for table `regions`
--

DROP TABLE IF EXISTS `regions`;
CREATE TABLE `regions` (
  `id` int(11) NOT NULL auto_increment,
  `name` varchar(255) collate utf8_unicode_ci NOT NULL,
  PRIMARY KEY  (`id`)
) ENGINE=InnoDB AUTO_INCREMENT=7 DEFAULT CHARSET=utf8 COLLATE=utf8_unicode_ci;

--
-- Dumping data for table `regions`
--

LOCK TABLES `regions` WRITE;
/*!40000 ALTER TABLE `regions` DISABLE KEYS */;
INSERT INTO `regions` VALUES (1,'Europe'),(2,'Africa'),(3,'Asia'),(4,'Oceania'),(5,'North America'),(6,'South America');
/*!40000 ALTER TABLE `regions` ENABLE KEYS */;
UNLOCK TABLES;

--
-- Table structure for table `schema_migrations`
--

DROP TABLE IF EXISTS `schema_migrations`;
CREATE TABLE `schema_migrations` (
  `version` varchar(255) collate utf8_unicode_ci NOT NULL,
  UNIQUE KEY `unique_schema_migrations` (`version`)
) ENGINE=InnoDB DEFAULT CHARSET=utf8 COLLATE=utf8_unicode_ci;

--
-- Dumping data for table `schema_migrations`
--

LOCK TABLES `schema_migrations` WRITE;
/*!40000 ALTER TABLE `schema_migrations` DISABLE KEYS */;
INSERT INTO `schema_migrations` VALUES ('20091213140109'),('20091213140924'),('20091214104031'),('20091214104312'),('20091214140704'),('20091218123850'),('20091219070150'),('20091222234521'),('20091225231523'),('20091227075745'),('20091230104100'),('20100113115430'),('20100113124614'),('20100114120528'),('20100115234855'),('20100116085624'),('20100116090112'),('20100116105859'),('20100116121347'),('20100116133545'),('20100116134903'),('20100117010630'),('20100123162508'),('20100126000710'),('20100126230813'),('20100222110511'),('20100222111020'),('20100403231624'),('20100510121457'),('20100512140904'),('20100515030742'),('20100515134747'),('20101102204814'),('20101103121249'),('20101120092958'),('20101210232303'),('20110220014913'),('20110321000515');
/*!40000 ALTER TABLE `schema_migrations` ENABLE KEYS */;
UNLOCK TABLES;

--
-- Table structure for table `season_series`
--

DROP TABLE IF EXISTS `season_series`;
CREATE TABLE `season_series` (
  `id` int(11) NOT NULL auto_increment,
  `season_id` int(11) NOT NULL,
  `series_id` int(11) NOT NULL,
  PRIMARY KEY  (`id`),
  KEY `fk_season_series_series` (`series_id`),
  KEY `fk_season_series_seasons` (`season_id`),
  CONSTRAINT `fk_season_series_seasons` FOREIGN KEY (`season_id`) REFERENCES `seasons` (`id`) ON DELETE CASCADE ON UPDATE CASCADE
) ENGINE=InnoDB AUTO_INCREMENT=116 DEFAULT CHARSET=utf8 COLLATE=utf8_unicode_ci;

--
-- Dumping data for table `season_series`
--

LOCK TABLES `season_series` WRITE;
/*!40000 ALTER TABLE `season_series` DISABLE KEYS */;
INSERT INTO `season_series` VALUES (1,1,1),(2,1,4),(3,1,5),(4,1,6),(5,1,7),(6,1,9),(7,2,1),(8,2,4),(9,2,5),(10,2,6),(11,2,7),(12,2,9),(13,3,1),(14,3,4),(15,3,5),(16,3,6),(17,3,7),(18,3,9),(19,4,1),(20,4,4),(21,4,5),(22,4,6),(23,4,7),(24,4,9),(25,5,1),(26,5,4),(27,5,5),(28,5,6),(29,5,7),(30,5,9),(32,7,4),(33,7,5),(34,7,6),(36,7,9),(37,8,1),(38,8,4),(39,8,5),(40,8,6),(41,8,7),(42,8,9),(43,9,1),(44,9,4),(45,9,5),(46,9,6),(47,9,7),(48,9,9),(52,11,12),(53,11,13),(54,11,9),(55,12,6),(56,12,9),(57,12,1),(58,12,3),(59,12,4),(60,12,5),(61,13,12),(62,13,13),(63,13,9),(64,14,6),(65,14,7),(66,14,9),(67,14,1),(68,14,4),(69,14,5),(70,12,7),(71,15,6),(72,15,9),(73,15,1),(74,15,4),(75,15,5),(76,16,6),(77,16,9),(78,16,4),(79,16,5),(80,16,7),(81,17,6),(82,17,9),(83,17,4),(84,17,5),(85,18,6),(86,18,9),(87,18,1),(88,18,4),(89,18,5),(105,23,6),(106,23,9),(107,23,1),(108,23,4),(109,23,5),(110,24,1),(111,24,4),(112,24,5),(113,24,6),(114,24,7),(115,24,9);
/*!40000 ALTER TABLE `season_series` ENABLE KEYS */;
UNLOCK TABLES;

--
-- Temporary table structure for view `season_with_name`
--

DROP TABLE IF EXISTS `season_with_name`;
/*!50001 DROP VIEW IF EXISTS `season_with_name`*/;
/*!50001 CREATE TABLE `season_with_name` (
  `id` int(11),
  `chronicle_name` varchar(255),
  `team_name` varchar(255),
  `year_start` int(11)
) */;

--
-- Table structure for table `seasons`
--

DROP TABLE IF EXISTS `seasons`;
CREATE TABLE `seasons` (
  `id` int(11) NOT NULL auto_increment,
  `chronicle_id` int(11) default NULL,
  `team_id` int(11) default NULL,
  `closed` tinyint(1) default '0',
  `year_start` int(11) NOT NULL,
  `team_type` varchar(255) collate utf8_unicode_ci NOT NULL default 'Team',
  `formation_id` int(11) default NULL,
  PRIMARY KEY  (`id`)
) ENGINE=InnoDB AUTO_INCREMENT=25 DEFAULT CHARSET=utf8 COLLATE=utf8_unicode_ci;

--
-- Dumping data for table `seasons`
--

LOCK TABLES `seasons` WRITE;
/*!40000 ALTER TABLE `seasons` DISABLE KEYS */;
INSERT INTO `seasons` VALUES (1,1,1,1,2009,'Team',NULL),(2,1,1,0,2010,'Team',NULL),(3,2,1,1,2009,'Team',NULL),(4,1,1,0,2011,'Team',NULL),(5,3,1,0,2009,'Team',NULL),(7,4,7,1,2009,'Team',NULL),(8,5,7,1,2009,'Team',NULL),(9,4,7,1,2010,'Team',NULL),(11,6,4,0,2010,'Nation',NULL),(12,4,7,0,2011,'Team',NULL),(13,6,67,0,2010,'Nation',NULL),(14,2,1,0,2010,'Team',NULL),(15,5,7,0,2010,'Team',NULL),(16,7,1,0,2010,'Team',1),(17,8,7,1,2010,'Team',3),(18,8,7,1,2011,'Team',2),(23,8,7,0,2012,'Team',3),(24,7,1,0,2011,'Team',1);
/*!40000 ALTER TABLE `seasons` ENABLE KEYS */;
UNLOCK TABLES;

--
-- Table structure for table `series`
--

DROP TABLE IF EXISTS `series`;
CREATE TABLE `series` (
  `id` int(11) NOT NULL auto_increment,
  `name` varchar(255) collate utf8_unicode_ci NOT NULL,
  `abbr` varchar(255) collate utf8_unicode_ci default NULL,
  PRIMARY KEY  (`id`)
) ENGINE=InnoDB AUTO_INCREMENT=14 DEFAULT CHARSET=utf8 COLLATE=utf8_unicode_ci;

--
-- Dumping data for table `series`
--

LOCK TABLES `series` WRITE;
/*!40000 ALTER TABLE `series` DISABLE KEYS */;
INSERT INTO `series` VALUES (1,'UEFA Champions League','CL'),(2,'UEFA Europa League','EL'),(3,'UEFA Super Cup','UEFA SC'),(4,'Premier League','Premier'),(5,'FA Cup','FA Cup'),(6,'League Cup','L. Cup'),(7,'Community Shield','C. Shield'),(8,'League Championship','Championship'),(9,'Friendly Match','Friendly'),(12,'World Cup Qualifying','W. Cup Qlf.'),(13,'World Cup','World Cup');
/*!40000 ALTER TABLE `series` ENABLE KEYS */;
UNLOCK TABLES;

--
-- Table structure for table `teams`
--

DROP TABLE IF EXISTS `teams`;
CREATE TABLE `teams` (
  `id` int(11) NOT NULL auto_increment,
  `name` varchar(255) collate utf8_unicode_ci NOT NULL,
  `abbr` varchar(255) collate utf8_unicode_ci default NULL,
  `nickname` varchar(255) collate utf8_unicode_ci default NULL,
  `ground` varchar(255) collate utf8_unicode_ci default NULL,
  `year_founded` int(11) default NULL,
  `nation_id` int(11) NOT NULL,
  PRIMARY KEY  (`id`),
  KEY `fk_teams_nations` (`nation_id`),
  CONSTRAINT `fk_teams_nations` FOREIGN KEY (`nation_id`) REFERENCES `nations` (`id`)
) ENGINE=InnoDB AUTO_INCREMENT=106 DEFAULT CHARSET=utf8 COLLATE=utf8_unicode_ci;

--
-- Dumping data for table `teams`
--

LOCK TABLES `teams` WRITE;
/*!40000 ALTER TABLE `teams` DISABLE KEYS */;
INSERT INTO `teams` VALUES (1,'Manchester United','Man. Utd.','The Red Devils','Old Trafford',1878,4),(2,'Liverpool',NULL,'The Reds','Anfield',1892,4),(3,'Chelsea',NULL,'The Pensioners','Stamford Bridge',1905,4),(4,'Arsenal',NULL,'The Gunners','Emirates Stadium',1886,4),(5,'Everton',NULL,'The Toffees','Goodison Park',1878,4),(6,'Aston Villa',NULL,'The Villa','Villa Park',1874,4),(7,'Tottenham Hotspur','Tottenham','Spurs','White Hart Lane',1882,4),(8,'Manchester City','Man. City','The Citizens','City of Manchester Stadium',1887,4),(9,'Fulham',NULL,'The Cottagers','Craven Cottage',1879,4),(10,'West Ham United','West Ham','The Hammers','Upton Park',1895,4),(11,'Wigan Athletic','Wigan','Latics','DW Stadium',1932,4),(12,'Stoke City','Stoke','The Potters','Britannia Stadium',1863,4),(13,'Bolton Wanderers','Bolton','The Trotters','Reebok Stadium',1874,4),(14,'Portsmouth',NULL,'Pompey','Fratton Park',1898,4),(15,'Blackburn Rovers','Blackburn','Rovers','Ewood Park',1875,4),(16,'Sunderland',NULL,'The Black Cats','Stadium of Light',1879,4),(17,'Hull City','Hull','The Tigers','KC Stadium',1904,4),(18,'Wolverhampton','Wolves','Wolves','Molineux Stadium',1877,4),(19,'Birmingham City','Birmingham','Blues','St. Andrew\'s Stadium',1875,4),(20,'Burnley',NULL,'The Clarets','Turf Moor',1882,4),(21,'Newcastle United','Newcastle','The Magpies','St. James\' Park',1892,4),(22,'Derby County','Derby','The Rams','Pride Park Stadium',1884,4),(23,'Leeds United','Leeds Utd.','The Whites','Elland Road',1919,4),(24,'Norwich City','Norwich','The Canaries','Carrow Road',1902,4),(25,'West Bromwich Albion','West Brom.','The Baggies','The Hawthorns',1878,4),(26,'Nottingham Forest','Nottingham','Forest','City Ground',1865,4),(27,'Cardiff City','Cardiff','The Bluebirds','Cardiff City Stadium',1899,4),(28,'Sheffield United','Sheffield','The Blades','Bramall Lane',1889,4),(29,'Ipswich Town','Ipswich','Town','Portman Road',1878,4),(30,'Dagenham & Redbridge','Dag & Red','The Daggers','Victoria Road',1992,4),(31,'Standard Liege','Std. Liege','Les Rouches','Stade Maurice Dufrasne',1898,6),(32,'Galatasaray SK','Galatasary','Cim Bom','Ali Sami Yen Stadium',1905,21),(33,'Alkmaar Zaanstreek','AZ','AZ','DSB Stadion',1967,11),(34,'Atletico Madrid','Atletico M','Los colchoneros','Vicente Calderon',1903,22),(35,'Middlesbrough','Middlesbr.','The Boro','Riverside Stadium',1876,4),(36,'Bradford Park Avenue','Bradfrd PA','The Avenue','Horsfall Stadium',1863,4),(37,'Coventry City','Coventry','The Sky Blues','Ricoh Arena',1883,4),(38,'Swansea City','Swansea','The Swans','Liberty Stadium',1912,4),(39,'Leicester City','Leicester','The Foxes','Walkers Stadium',1884,4),(40,'Crystal Palace','Crystal P.','The Eagles','Selhurst Park',1905,4),(41,'AC Milan',NULL,'Rossoneri','San Siro',1899,9),(42,'Besiktas',NULL,'Kara Kartallar','BJK Inonu Stadium',1903,21),(43,'Wolfsburg, VfL','Wolfsburg','Die Wolfe','Volkswagen Arena',1945,7),(44,'CSKA Moscow','CSKA Mscow','Koni','Luzhniki Stadium',1911,82),(45,'TBD',NULL,NULL,'To be determined...',NULL,4),(46,'Porto',NULL,'Dragoes','Estadio do Dragao',1893,15),(47,'Barcelona',NULL,'L\'equip blaugrana','Camp Nou',1899,22),(48,'Real Madrid',NULL,'Los Blancos','Estadio Santiago Bernabeu',1902,22),(49,'Stuttgart, VfL','Stuttgart','Die Roten','Mercedes-Benz Arena',1893,7),(50,'Montpellier Herault Sport Club','Montpellier',NULL,'Stade de la Mosson',1893,6),(51,'Doncaster Rovers','Doncaster','Donny','Keepmoat Stadium',1879,4),(52,'Preston North End','Preston','The Lilywhites','Deepdale',1880,4),(53,'Peterborough United','Peterborough','The Posh','London Road Stadium',1934,4),(54,'Lincoln City','Lincoln','The Imps','Sincil Bank',1884,4),(55,'Bayern Munchen','Bayern M.','Der FCB','Allianz Arena',1900,7),(56,'Internazionale Milano','Inter','I Nerazzurri','Stadio Giuseppe Meazza',1908,9),(57,'Olympique Lyonnais','Lyon','Les Gones','Stade Gerland',1899,6),(58,'Girondins de Bordeaux','Bordeaux','Les Girondins','Stade Chaban Delmas',1881,6),(59,'Sampdoria',NULL,'Blucerchiati','Stadio Luigi Ferraris',1946,9),(60,'Ajax Amsterdam','Ajax','Godenzonen','Amsterdam Arena',1900,11),(61,'Juventus',NULL,'La Vecchia Signora','Stadio Olimpico di Torino',1897,9),(62,'Morecambe',NULL,'The Shrimps','Christie Park',1920,4),(63,'Crewe Alexandra','Crewe','The Railwaymen','Alexandra Stadium',1877,4),(64,'AEK Athens',NULL,'Enosis','Olympic Stadium',1924,59),(65,'Carlisle United','Carlisle','The Cumbrians','Brunton Park Stadium',1904,4),(66,'Le Mans Union Club 72','Le Mans','MUC 72','Stade Léon-Bollée',1903,6),(67,'Blackpool',NULL,'The Seasiders','Bloomfield Road',1887,4),(68,'Lazio',NULL,'Biancocelesti','Stadio Olimpico',1900,9),(69,'AS Roma','Roma','i Giallorossi','Stadio Olimpico',1927,9),(70,'Brøndby IF','Brøndby','Drengene fra Vestegnen','Brøndby Stadium',1964,46),(71,'Zürich',NULL,'','Letzigrund',1896,37),(72,'Twente',NULL,'The Tukkers','De Grolsch Veste',1965,11),(73,'Rangers',NULL,'The Gers','Ibrox Stadium',1873,16),(74,'Scunthorpe United','Scunthorpe','The Iron','Glanford Park',1899,4),(75,'Valencia',NULL,'Los Che','Mestalla',1919,22),(76,'Bursaspor',NULL,'Yeşil Timsahlar','Bursa Ataturk Stadium',1963,21),(77,'Young Boys',NULL,'','Stade de Suisse',1898,37),(78,'Werder Bremen',NULL,'Werder','Weserstadion',1899,7),(79,'Eintracht Frankfurt','Frankfurt','Die Adler','Commerzbank-Arena',1899,7),(80,'SL Benfica','Benfica','Águias','Estádio da Luz',1904,15),(81,'Aberdeen',NULL,'The Dons','Pittodrie Stadium',1903,16),(82,'Willem II',NULL,'Tricolores','Koning Willem II Stadion',1896,11),(83,'Sint-Truiden',NULL,'De Kanaries','Staaien',1924,1),(84,'Southampton',NULL,'The Saints','St Mary\'s Stadium',1885,4),(85,'Queens Park Rangers','QPR','The Hoops','Loftus Road',1882,4),(86,'Torino',NULL,'I Granata','Stadio Olimpico',1906,9),(87,'Palmeiras',NULL,'Alviverde','Pacaembu',1914,2),(88,'NAC Breda',NULL,'Yellow Army','Rat Verlegh Stadion',1912,11),(89,'Celtic',NULL,'The Bhoys','Celtic Park',1888,16),(90,'Fenerbahçe SK','Fenerbahçe','Sarı Kanaryalar','Şükrü Saracoğlu Stadium',1907,21),(91,'Bristol City',NULL,'The Robins','Ashton Gate',1897,4),(92,'Olympique de Marseille','Marseille','','Stade Vélodrome',1899,6),(93,'Charlton Athletic','Charlton','The Addicks','The Valley',1905,4),(94,'Tom Tomsk',NULL,'','Trud Stadium',1957,82),(95,'Sevilla',NULL,'Sevillistas','Ramón Sánchez Pizjuán',1905,22),(96,'Palermo',NULL,'Rosanero','Stadio Renzo Barbera',1900,9),(97,'Bayer 04 Leverkusen','Leverkusen','Werkself','BayArena',1904,7),(98,'C. Funchal',NULL,'','',NULL,15),(99,'Bologna',NULL,'Rossoblu','Stadio Renato Dall\'Ara',1909,9),(100,'Hamburger SV','Hamburger','Rothosen','Imtech Arena',1887,7),(101,'Crawley Town','Crawley','Red Devils','Broadfield Stadium',1896,4),(102,'Rotherham United','Rotherham','The Millers','Don Valley Stadium',1888,4),(103,'Udinese',NULL,'Bianconeri','Stadio Friuli',1896,9),(104,'Real Valladolid','R. Valladolid','Pucela','José Zorrilla',1928,22),(105,'Getafe',NULL,'Azulones','Coliseum Alfonso Pérez',1983,22);
/*!40000 ALTER TABLE `teams` ENABLE KEYS */;
UNLOCK TABLES;

--
-- Table structure for table `users`
--

DROP TABLE IF EXISTS `users`;
CREATE TABLE `users` (
  `id` int(11) NOT NULL auto_increment,
  `name` varchar(255) collate utf8_unicode_ci NOT NULL,
  `hashed_password` varchar(255) collate utf8_unicode_ci default NULL,
  `salt` varchar(255) collate utf8_unicode_ci default NULL,
  `is_writer` tinyint(1) NOT NULL default '0',
  `is_admin` tinyint(1) NOT NULL default '0',
  `created_at` datetime default NULL,
  `updated_at` datetime default NULL,
  PRIMARY KEY  (`id`),
  UNIQUE KEY `index_users_on_name` (`name`)
) ENGINE=InnoDB AUTO_INCREMENT=3 DEFAULT CHARSET=utf8 COLLATE=utf8_unicode_ci;

--
-- Dumping data for table `users`
--

LOCK TABLES `users` WRITE;
/*!40000 ALTER TABLE `users` DISABLE KEYS */;
INSERT INTO `users` VALUES (1,'kumagai','5e92e4de63468ec22a23002bdd87063b762f79a0','29638100.368817561253004',1,1,'2010-01-27 08:48:33','2010-02-03 12:09:11'),(2,'naoyuki','bf3bf3cb27d9caeaf7d3a154a9515752af988591','92192400.448172592672608',1,1,'2010-02-28 13:47:39','2010-02-28 13:47:39');
/*!40000 ALTER TABLE `users` ENABLE KEYS */;
UNLOCK TABLES;

--
-- Final view structure for view `season_with_name`
--

/*!50001 DROP TABLE IF EXISTS `season_with_name`*/;
/*!50001 DROP VIEW IF EXISTS `season_with_name`*/;
/*!50001 CREATE ALGORITHM=UNDEFINED */
/*!50013 DEFINER=`fifa10`@`localhost` SQL SECURITY DEFINER */
/*!50001 VIEW `season_with_name` AS select `s`.`id` AS `id`,`c`.`name` AS `chronicle_name`,`t`.`name` AS `team_name`,`s`.`year_start` AS `year_start` from ((`chronicles` `c` join `teams` `t`) join `seasons` `s`) where ((`c`.`id` = `s`.`chronicle_id`) and (`t`.`id` = `s`.`team_id`)) */;
/*!40103 SET TIME_ZONE=@OLD_TIME_ZONE */;

/*!40101 SET SQL_MODE=@OLD_SQL_MODE */;
/*!40014 SET FOREIGN_KEY_CHECKS=@OLD_FOREIGN_KEY_CHECKS */;
/*!40014 SET UNIQUE_CHECKS=@OLD_UNIQUE_CHECKS */;
/*!40101 SET CHARACTER_SET_CLIENT=@OLD_CHARACTER_SET_CLIENT */;
/*!40101 SET CHARACTER_SET_RESULTS=@OLD_CHARACTER_SET_RESULTS */;
/*!40101 SET COLLATION_CONNECTION=@OLD_COLLATION_CONNECTION */;
/*!40111 SET SQL_NOTES=@OLD_SQL_NOTES */;

-- Dump completed on 2011-03-27  2:32:21
